﻿,date,time,team_home,team_away,total,over,under
0,28 Oct  2011,00:05,St.Louis Cardinals,Texas Rangers,+3.5,1.83,1.90
1,25 Oct  2011,00:05,Texas Rangers,St.Louis Cardinals,+4.5,1.83,1.90
2,24 Oct  2011,00:05,Texas Rangers,St.Louis Cardinals,+5.5 ,1.98,1.85
3,23 Oct  2011,00:05,Texas Rangers,St.Louis Cardinals,+5,1.80,1.95
4,21 Oct  2011,00:05,St.Louis Cardinals,Texas Rangers,+4 ,1.94,1.92
5,20 Oct  2011,00:05,St.Louis Cardinals,Texas Rangers,+3.5,1.90,1.98
6,17 Oct  2011,00:05,Milwaukee Brewers,St.Louis Cardinals,+4.5,1.83,1.90
7,16 Oct  2011,00:05,Texas Rangers,Detroit Tigers,+4.5,1.81,2.11
8,15 Oct  2011,00:05,St.Louis Cardinals,Milwaukee Brewers,+4,1.95,1.80
9,14 Oct  2011,00:05,St.Louis Cardinals,Milwaukee Brewers,+4.5,1.86,1.86
10,13 Oct  2011,20:19,Detroit Tigers,Texas Rangers,+3.5,1.86,1.86
11,13 Oct  2011,00:05,St.Louis Cardinals,Milwaukee Brewers,+3.5,1.86,1.86
12,12 Oct  2011,20:19,Detroit Tigers,Texas Rangers,+5,1.86,1.86
