﻿,0
0,https://www.oddsportal.com/baseball/usa/mlb-2011/seattle-mariners-kansas-city-royals-6713zkkE/#over-under;3
1,https://www.oddsportal.com/baseball/usa/mlb-2011/san-francisco-giants-philadelphia-phillies-fwXBwNHD/#over-under;3
2,https://www.oddsportal.com/baseball/usa/mlb-2011/los-angeles-dodgers-seattle-mariners-nkaELC2Q/#over-under;3
3,https://www.oddsportal.com/baseball/usa/mlb-2011/houston-astros-boston-red-sox-4Q99MhmK/#over-under;3
4,https://www.oddsportal.com/baseball/usa/mlb-2011/tampa-bay-rays-toronto-blue-jays-QZA5NYXD/#over-under;3
5,https://www.oddsportal.com/baseball/usa/mlb-2011/philadelphia-phillies-pittsburgh-pirates-UmVSakeD/#over-under;3
6,https://www.oddsportal.com/baseball/usa/mlb-2011/san-francisco-giants-oakland-athletics-jcWO0Vu7/#over-under;3
7,https://www.oddsportal.com/baseball/usa/mlb-2011/new-york-mets-miami-marlins-8YtK1BQ0/#over-under;3
8,https://www.oddsportal.com/baseball/usa/mlb-2011/atlanta-braves-minnesota-twins-fVxG2iBf/#over-under;3
9,https://www.oddsportal.com/baseball/usa/mlb-2011/los-angeles-angels-los-angeles-dodgers-08wC3Xel/#over-under;3
10,https://www.oddsportal.com/baseball/usa/mlb-2011/oakland-athletics-san-francisco-giants-IaGa4Dtr/#over-under;3
11,https://www.oddsportal.com/baseball/usa/mlb-2011/atlanta-braves-minnesota-twins-x6YW8gYQ/#over-under;3
12,https://www.oddsportal.com/baseball/usa/mlb-2011/philadelphia-phillies-pittsburgh-pirates-bFZS9ZIK/#over-under;3
13,https://www.oddsportal.com/baseball/usa/mlb-2011/colorado-rockies-seattle-mariners-4hzPAF3E/#over-under;3
14,https://www.oddsportal.com/baseball/usa/mlb-2011/cleveland-indians-cincinnati-reds-hKBMlYte/#over-under;3
15,https://www.oddsportal.com/baseball/usa/mlb-2011/kansas-city-royals-chicago-white-sox-MgGQmhd1/#over-under;3
16,https://www.oddsportal.com/baseball/usa/mlb-2011/san-diego-padres-milwaukee-brewers-0pFUnCB7/#over-under;3
17,https://www.oddsportal.com/baseball/usa/mlb-2011/baltimore-orioles-toronto-blue-jays-GAWy8MsG/#over-under;3
18,https://www.oddsportal.com/baseball/usa/mlb-2011/boston-red-sox-tampa-bay-rays-W4NDjfCr/#over-under;3
19,https://www.oddsportal.com/baseball/usa/mlb-2011/washington-nationals-new-york-mets-rcYT9rD3/#over-under;3
20,https://www.oddsportal.com/baseball/usa/mlb-2011/san-francisco-giants-oakland-athletics-dGboeqbA/#over-under;3
21,https://www.oddsportal.com/baseball/usa/mlb-2011/los-angeles-dodgers-los-angeles-angels-2oHWAOcc/#over-under;3
22,https://www.oddsportal.com/baseball/usa/mlb-2011/arizona-diamondbacks-texas-rangers-hW1Ym1jp/#over-under;3
23,https://www.oddsportal.com/baseball/usa/mlb-2011/chicago-white-sox-cincinnati-reds-nkP5hsrT/#over-under;3
24,https://www.oddsportal.com/baseball/usa/mlb-2011/cleveland-indians-chicago-cubs-Ei9tdPr4/#over-under;3
25,https://www.oddsportal.com/baseball/usa/mlb-2011/seattle-mariners-colorado-rockies-8bQ1gNSM/#over-under;3
26,https://www.oddsportal.com/baseball/usa/mlb-2011/baltimore-orioles-detroit-tigers-phRDfFnU/#over-under;3
27,https://www.oddsportal.com/baseball/usa/mlb-2011/minnesota-twins-pittsburgh-pirates-U37UbRbo/#over-under;3
28,https://www.oddsportal.com/baseball/usa/mlb-2011/philadelphia-phillies-houston-astros-8f6YcoEi/#over-under;3
29,https://www.oddsportal.com/baseball/usa/mlb-2011/toronto-blue-jays-boston-red-sox-n1DujZfo/#over-under;3
30,https://www.oddsportal.com/baseball/usa/mlb-2011/los-angeles-angels-san-diego-padres-jVR9eeXN/#over-under;3
31,https://www.oddsportal.com/baseball/usa/mlb-2011/kansas-city-royals-san-francisco-giants-f3Y0cH2B/#over-under;3
32,https://www.oddsportal.com/baseball/usa/mlb-2011/seattle-mariners-texas-rangers-CfBlbcm5/#over-under;3
33,https://www.oddsportal.com/baseball/usa/mlb-2011/cincinnati-reds-arizona-diamondbacks-IJdoawYb/#over-under;3
34,https://www.oddsportal.com/baseball/usa/mlb-2011/los-angeles-dodgers-cleveland-indians-d48x1a3n/#over-under;3
35,https://www.oddsportal.com/baseball/usa/mlb-2011/milwaukee-brewers-chicago-white-sox-vTcs0JIh/#over-under;3
36,https://www.oddsportal.com/baseball/usa/mlb-2011/atlanta-braves-philadelphia-phillies-OW5Gsx3O/#over-under;3
37,https://www.oddsportal.com/baseball/usa/mlb-2011/houston-astros-detroit-tigers-YsD3pvJ5/#over-under;3
38,https://www.oddsportal.com/baseball/usa/mlb-2011/minnesota-twins-new-york-yankees-r14Y1ult/#over-under;3
39,https://www.oddsportal.com/baseball/usa/mlb-2011/pittsburgh-pirates-tampa-bay-rays-6eBBrImI/#over-under;3
40,https://www.oddsportal.com/baseball/usa/mlb-2011/st-louis-cardinals-new-york-mets-2N4KtdIU/#over-under;3
41,https://www.oddsportal.com/baseball/usa/mlb-2011/washington-nationals-miami-marlins-hSH4nK3a/#over-under;3
42,https://www.oddsportal.com/baseball/usa/mlb-2011/oakland-athletics-colorado-rockies-A3Sam0lg/#over-under;3
43,https://www.oddsportal.com/baseball/usa/mlb-2011/boston-red-sox-minnesota-twins-WCTeltZn/#over-under;3
44,https://www.oddsportal.com/baseball/usa/mlb-2011/arizona-diamondbacks-kansas-city-royals-0UxQg2BP/#over-under;3
45,https://www.oddsportal.com/baseball/usa/mlb-2011/chicago-white-sox-los-angeles-angels-8jYMXKl6/#over-under;3
46,https://www.oddsportal.com/baseball/usa/mlb-2011/milwaukee-brewers-seattle-mariners-nsXQWv4C/#over-under;3
47,https://www.oddsportal.com/baseball/usa/mlb-2011/san-diego-padres-los-angeles-dodgers-t4WUVbJI/#over-under;3
48,https://www.oddsportal.com/baseball/usa/mlb-2011/texas-rangers-chicago-cubs-f7zZUIYO/#over-under;3
49,https://www.oddsportal.com/baseball/usa/mlb-2011/new-york-mets-atlanta-braves-SvHPY0Za/#over-under;3
50,https://www.oddsportal.com/baseball/usa/mlb-2011/houston-astros-washington-nationals-pWgDZtKg/#over-under;3
51,https://www.oddsportal.com/baseball/usa/mlb-2011/miami-marlins-st-louis-cardinals-d8xygVKE/#over-under;3
52,https://www.oddsportal.com/baseball/usa/mlb-2011/new-york-yankees-pittsburgh-pirates-x6j5y3ks/#over-under;3
53,https://www.oddsportal.com/baseball/usa/mlb-2011/tampa-bay-rays-baltimore-orioles-IHwXgB58/#over-under;3
54,https://www.oddsportal.com/baseball/usa/mlb-2011/colorado-rockies-texas-rangers-ngNxW7D1/#over-under;3
55,https://www.oddsportal.com/baseball/usa/mlb-2011/kansas-city-royals-san-francisco-giants-4UXXWmbe/#over-under;3
56,https://www.oddsportal.com/baseball/usa/mlb-2011/boston-red-sox-toronto-blue-jays-6qFUXTrk/#over-under;3
57,https://www.oddsportal.com/baseball/usa/mlb-2011/new-york-yankees-houston-astros-CMFQY9Tr/#over-under;3
58,https://www.oddsportal.com/baseball/usa/mlb-2011/washington-nationals-st-louis-cardinals-6e5jwjLR/#over-under;3
59,https://www.oddsportal.com/baseball/usa/mlb-2011/cincinnati-reds-san-diego-padres-lOvlAj8N/#over-under;3
60,https://www.oddsportal.com/baseball/usa/mlb-2011/milwaukee-brewers-cleveland-indians-ATBsuCjF/#over-under;3
61,https://www.oddsportal.com/baseball/usa/mlb-2011/oakland-athletics-los-angeles-angels-G6Cwthy9/#over-under;3
62,https://www.oddsportal.com/baseball/usa/mlb-2011/miami-marlins-new-york-mets-dt6rIlq2/#over-under;3
63,https://www.oddsportal.com/baseball/usa/mlb-2011/minnesota-twins-baltimore-orioles-238ZtYL2/#over-under;3
64,https://www.oddsportal.com/baseball/usa/mlb-2011/tampa-bay-rays-pittsburgh-pirates-Ik7vJUTe/#over-under;3
65,https://www.oddsportal.com/baseball/usa/mlb-2011/san-francisco-giants-cleveland-indians-WY8WKjaq/#over-under;3
66,https://www.oddsportal.com/baseball/usa/mlb-2011/baltimore-orioles-pittsburgh-pirates-QiW3PWjS/#over-under;3
67,https://www.oddsportal.com/baseball/usa/mlb-2011/detroit-tigers-washington-nationals-8W3iQCyM/#over-under;3
68,https://www.oddsportal.com/baseball/usa/mlb-2011/chicago-cubs-chicago-white-sox-E94mRhMF/#over-under;3
69,https://www.oddsportal.com/baseball/usa/mlb-2011/arizona-diamondbacks-oakland-athletics-zJ5qSY69/#over-under;3
70,https://www.oddsportal.com/baseball/usa/mlb-2011/los-angeles-angels-milwaukee-brewers-Aedt6ipj/#over-under;3
71,https://www.oddsportal.com/baseball/usa/mlb-2011/los-angeles-dodgers-colorado-rockies-viCzUfxc/#over-under;3
72,https://www.oddsportal.com/baseball/usa/mlb-2011/seattle-mariners-kansas-city-royals-MVap5Bad/#over-under;3
73,https://www.oddsportal.com/baseball/usa/mlb-2011/new-york-mets-st-louis-cardinals-SW6y7XUq/#over-under;3
74,https://www.oddsportal.com/baseball/usa/mlb-2011/houston-astros-tampa-bay-rays-WG3lEFxA/#over-under;3
75,https://www.oddsportal.com/baseball/usa/mlb-2011/miami-marlins-boston-red-sox-dlG5Cg7M/#over-under;3
76,https://www.oddsportal.com/baseball/usa/mlb-2011/philadelphia-phillies-minnesota-twins-EuggDZiG/#over-under;3
77,https://www.oddsportal.com/baseball/usa/mlb-2011/toronto-blue-jays-atlanta-braves-QNK9BDMS/#over-under;3
78,https://www.oddsportal.com/baseball/usa/mlb-2011/colorado-rockies-seattle-mariners-IDapFeN3/#over-under;3
79,https://www.oddsportal.com/baseball/usa/mlb-2011/minnesota-twins-baltimore-orioles-Oj0tGy8c/#over-under;3
80,https://www.oddsportal.com/baseball/usa/mlb-2011/new-york-yankees-toronto-blue-jays-p01xHHhi/#over-under;3
81,https://www.oddsportal.com/baseball/usa/mlb-2011/chicago-white-sox-los-angeles-dodgers-KraXazwN/#over-under;3
82,https://www.oddsportal.com/baseball/usa/mlb-2011/texas-rangers-arizona-diamondbacks-xK9S0GNG/#over-under;3
83,https://www.oddsportal.com/baseball/usa/mlb-2011/chicago-cubs-oakland-athletics-lxMRKdNj/#over-under;3
84,https://www.oddsportal.com/baseball/usa/mlb-2011/cleveland-indians-kansas-city-royals-Yo3yafhT/#over-under;3
85,https://www.oddsportal.com/baseball/usa/mlb-2011/los-angeles-angels-san-francisco-giants-UHl7gYFj/#over-under;3
86,https://www.oddsportal.com/baseball/usa/mlb-2011/san-diego-padres-cincinnati-reds-jRk3fE0p/#over-under;3
87,https://www.oddsportal.com/baseball/usa/mlb-2011/atlanta-braves-miami-marlins-4Mg34bOi/#over-under;3
88,https://www.oddsportal.com/baseball/usa/mlb-2011/pittsburgh-pirates-houston-astros-QyrC2xg4/#over-under;3
89,https://www.oddsportal.com/baseball/usa/mlb-2011/tampa-bay-rays-philadelphia-phillies-AXupBWhH/#over-under;3
90,https://www.oddsportal.com/baseball/usa/mlb-2011/kansas-city-royals-los-angeles-angels-hnja5v9o/#over-under;3
91,https://www.oddsportal.com/baseball/usa/mlb-2011/boston-red-sox-tampa-bay-rays-zRw9teWp/#over-under;3
92,https://www.oddsportal.com/baseball/usa/mlb-2011/arizona-diamondbacks-cleveland-indians-b1GubN1I/#over-under;3
93,https://www.oddsportal.com/baseball/usa/mlb-2011/cincinnati-reds-oakland-athletics-jieG152g/#over-under;3
94,https://www.oddsportal.com/baseball/usa/mlb-2011/los-angeles-dodgers-chicago-cubs-8CNS0PHa/#over-under;3
95,https://www.oddsportal.com/baseball/usa/mlb-2011/milwaukee-brewers-san-diego-padres-tQLza3nC/#over-under;3
96,https://www.oddsportal.com/baseball/usa/mlb-2011/seattle-mariners-chicago-white-sox-2ZMWaqX5/#over-under;3
97,https://www.oddsportal.com/baseball/usa/mlb-2011/detroit-tigers-new-york-mets-Uy773RXt/#over-under;3
98,https://www.oddsportal.com/baseball/usa/mlb-2011/miami-marlins-minnesota-twins-KbJTChO4/#over-under;3
99,https://www.oddsportal.com/baseball/usa/mlb-2011/toronto-blue-jays-philadelphia-phillies-bgKu87PP/#over-under;3
100,https://www.oddsportal.com/baseball/usa/mlb-2011/washington-nationals-houston-astros-27ttCCwB/#over-under;3
101,https://www.oddsportal.com/baseball/usa/mlb-2011/san-diego-padres-chicago-white-sox-K2Ly9mAJ/#over-under;3
102,https://www.oddsportal.com/baseball/usa/mlb-2011/tampa-bay-rays-new-york-yankees-EuJpp4XI/#over-under;3
103,https://www.oddsportal.com/baseball/usa/mlb-2011/san-francisco-giants-colorado-rockies-6FFxnQ26/#over-under;3
104,https://www.oddsportal.com/baseball/usa/mlb-2011/new-york-mets-atlanta-braves-CEgnfleQ/#over-under;3
105,https://www.oddsportal.com/baseball/usa/mlb-2011/houston-astros-detroit-tigers-bRmmXQmD/#over-under;3
106,https://www.oddsportal.com/baseball/usa/mlb-2011/pittsburgh-pirates-minnesota-twins-KzkqY6Y6/#over-under;3
107,https://www.oddsportal.com/baseball/usa/mlb-2011/st-louis-cardinals-washington-nationals-Uk4seUuK/#over-under;3
108,https://www.oddsportal.com/baseball/usa/mlb-2011/colorado-rockies-los-angeles-angels-xCavZnJ0/#over-under;3
109,https://www.oddsportal.com/baseball/usa/mlb-2011/chicago-white-sox-los-angeles-dodgers-4IVfsBBK/#over-under;3
110,https://www.oddsportal.com/baseball/usa/mlb-2011/kansas-city-royals-texas-rangers-nwZJykZs/#over-under;3
111,https://www.oddsportal.com/baseball/usa/mlb-2011/milwaukee-brewers-cincinnati-reds-r9UbtVQQ/#over-under;3
112,https://www.oddsportal.com/baseball/usa/mlb-2011/seattle-mariners-san-diego-padres-O8ezzT3f/#over-under;3
113,https://www.oddsportal.com/baseball/usa/mlb-2011/boston-red-sox-st-louis-cardinals-dhSnqXt8/#over-under;3
114,https://www.oddsportal.com/baseball/usa/mlb-2011/miami-marlins-new-york-mets-l2wbzuw8/#over-under;3
115,https://www.oddsportal.com/baseball/usa/mlb-2011/philadelphia-phillies-new-york-yankees-Gl3Kq3VR/#over-under;3
116,https://www.oddsportal.com/baseball/usa/mlb-2011/tampa-bay-rays-baltimore-orioles-ABvfyLN1/#over-under;3
117,https://www.oddsportal.com/baseball/usa/mlb-2011/toronto-blue-jays-minnesota-twins-KMosvNwq/#over-under;3
118,https://www.oddsportal.com/baseball/usa/mlb-2011/washington-nationals-detroit-tigers-txzjx18e/#over-under;3
119,https://www.oddsportal.com/baseball/usa/mlb-2011/los-angeles-angels-cleveland-indians-YL54QNOk/#over-under;3
120,https://www.oddsportal.com/baseball/usa/mlb-2011/los-angeles-dodgers-milwaukee-brewers-n9B3moW2/#over-under;3
121,https://www.oddsportal.com/baseball/usa/mlb-2011/oakland-athletics-chicago-white-sox-UmaDO1g2/#over-under;3
122,https://www.oddsportal.com/baseball/usa/mlb-2011/san-diego-padres-chicago-cubs-Gpe9Psvd/#over-under;3
123,https://www.oddsportal.com/baseball/usa/mlb-2011/san-francisco-giants-kansas-city-royals-QaA7n5o9/#over-under;3
124,https://www.oddsportal.com/baseball/usa/mlb-2011/texas-rangers-seattle-mariners-MR3GpqGL/#over-under;3
125,https://www.oddsportal.com/baseball/usa/mlb-2011/baltimore-orioles-philadelphia-phillies-2LTXrWvH/#over-under;3
126,https://www.oddsportal.com/baseball/usa/mlb-2011/minnesota-twins-tampa-bay-rays-KC6LqCPA/#over-under;3
127,https://www.oddsportal.com/baseball/usa/mlb-2011/new-york-yankees-toronto-blue-jays-xlHGphA4/#over-under;3
128,https://www.oddsportal.com/baseball/usa/mlb-2011/pittsburgh-pirates-boston-red-sox-OpDCoYfb/#over-under;3
129,https://www.oddsportal.com/baseball/usa/mlb-2011/baltimore-orioles-minnesota-twins-8lLoTjuU/#over-under;3
130,https://www.oddsportal.com/baseball/usa/mlb-2011/chicago-white-sox-oakland-athletics-ERLsUWPN/#over-under;3
131,https://www.oddsportal.com/baseball/usa/mlb-2011/colorado-rockies-milwaukee-brewers-2iIwVCAH/#over-under;3
132,https://www.oddsportal.com/baseball/usa/mlb-2011/chicago-cubs-cincinnati-reds-U9QGFfvn/#over-under;3
133,https://www.oddsportal.com/baseball/usa/mlb-2011/los-angeles-angels-san-diego-padres-xzUODY8b/#over-under;3
134,https://www.oddsportal.com/baseball/usa/mlb-2011/seattle-mariners-arizona-diamondbacks-jJRCGzPu/#over-under;3
135,https://www.oddsportal.com/baseball/usa/mlb-2011/new-york-mets-atlanta-braves-nRWceigU/#over-under;3
136,https://www.oddsportal.com/baseball/usa/mlb-2011/miami-marlins-houston-astros-nVC9Zzdn/#over-under;3
137,https://www.oddsportal.com/baseball/usa/mlb-2011/philadelphia-phillies-pittsburgh-pirates-xK5MWYu5/#over-under;3
138,https://www.oddsportal.com/baseball/usa/mlb-2011/toronto-blue-jays-new-york-yankees-KSSYVheB/#over-under;3
139,https://www.oddsportal.com/baseball/usa/mlb-2011/washington-nationals-st-louis-cardinals-8p1IXEQb/#over-under;3
140,https://www.oddsportal.com/baseball/usa/mlb-2011/san-diego-padres-texas-rangers-hl9iFXAU/#over-under;3
141,https://www.oddsportal.com/baseball/usa/mlb-2011/kansas-city-royals-seattle-mariners-EcAmGDeO/#over-under;3
142,https://www.oddsportal.com/baseball/usa/mlb-2011/new-york-yankees-tampa-bay-rays-YogjHgtI/#over-under;3
143,https://www.oddsportal.com/baseball/usa/mlb-2011/atlanta-braves-washington-nationals-fefnIZQB/#over-under;3
144,https://www.oddsportal.com/baseball/usa/mlb-2011/cincinnati-reds-cleveland-indians-0YfrJFB5/#over-under;3
145,https://www.oddsportal.com/baseball/usa/mlb-2011/los-angeles-dodgers-arizona-diamondbacks-rDSVJeda/#over-under;3
146,https://www.oddsportal.com/baseball/usa/mlb-2011/oakland-athletics-chicago-cubs-McvNLHRn/#over-under;3
147,https://www.oddsportal.com/baseball/usa/mlb-2011/boston-red-sox-new-york-mets-jFmiRw4P/#over-under;3
148,https://www.oddsportal.com/baseball/usa/mlb-2011/detroit-tigers-minnesota-twins-hOZIMcCt/#over-under;3
149,https://www.oddsportal.com/baseball/usa/mlb-2011/philadelphia-phillies-toronto-blue-jays-pho02fRO/#over-under;3
150,https://www.oddsportal.com/baseball/usa/mlb-2011/pittsburgh-pirates-baltimore-orioles-n7Sd3zCI/#over-under;3
151,https://www.oddsportal.com/baseball/usa/mlb-2011/st-louis-cardinals-miami-marlins-hpTh4GdC/#over-under;3
152,https://www.oddsportal.com/baseball/usa/mlb-2011/cincinnati-reds-kansas-city-royals-EgUl5ds6/#over-under;3
153,https://www.oddsportal.com/baseball/usa/mlb-2011/seattle-mariners-milwaukee-brewers-dIZq6xSa/#over-under;3
154,https://www.oddsportal.com/baseball/usa/mlb-2011/texas-rangers-colorado-rockies-E9CX6ICg/#over-under;3
155,https://www.oddsportal.com/baseball/usa/mlb-2011/new-york-yankees-baltimore-orioles-KnDT7bcm/#over-under;3
156,https://www.oddsportal.com/baseball/usa/mlb-2011/arizona-diamondbacks-los-angeles-angels-6q9P8vrs/#over-under;3
157,https://www.oddsportal.com/baseball/usa/mlb-2011/chicago-white-sox-san-francisco-giants-02WdDKZP/#over-under;3
158,https://www.oddsportal.com/baseball/usa/mlb-2011/atlanta-braves-boston-red-sox-dp0afarf/#over-under;3
159,https://www.oddsportal.com/baseball/usa/mlb-2011/detroit-tigers-st-louis-cardinals-4A37hwD6/#over-under;3
160,https://www.oddsportal.com/baseball/usa/mlb-2011/houston-astros-washington-nationals-QPiGjHsJ/#over-under;3
161,https://www.oddsportal.com/baseball/usa/mlb-2011/miami-marlins-tampa-bay-rays-j7a3gJc0/#over-under;3
162,https://www.oddsportal.com/baseball/usa/mlb-2011/minnesota-twins-new-york-mets-nZhCicSC/#over-under;3
163,https://www.oddsportal.com/baseball/usa/mlb-2011/pittsburgh-pirates-toronto-blue-jays-MBXhE0KJ/#over-under;3
164,https://www.oddsportal.com/baseball/usa/mlb-2011/colorado-rockies-cincinnati-reds-bc8OblUL/#over-under;3
165,https://www.oddsportal.com/baseball/usa/mlb-2011/chicago-white-sox-san-diego-padres-QqAG0Aa9/#over-under;3
166,https://www.oddsportal.com/baseball/usa/mlb-2011/cleveland-indians-oakland-athletics-4z9KaUEF/#over-under;3
167,https://www.oddsportal.com/baseball/usa/mlb-2011/texas-rangers-los-angeles-dodgers-bNwK1jp3/#over-under;3
168,https://www.oddsportal.com/baseball/usa/mlb-2011/san-francisco-giants-milwaukee-brewers-KWvG2WUd/#over-under;3
169,https://www.oddsportal.com/baseball/usa/mlb-2011/seattle-mariners-chicago-cubs-2BSPwmhd/#over-under;3
170,https://www.oddsportal.com/baseball/usa/mlb-2011/baltimore-orioles-pittsburgh-pirates-l8OLvTxj/#over-under;3
171,https://www.oddsportal.com/baseball/usa/mlb-2011/houston-astros-philadelphia-phillies-6qZGu9Nq/#over-under;3
172,https://www.oddsportal.com/baseball/usa/mlb-2011/st-louis-cardinals-atlanta-braves-hhLYoBpG/#over-under;3
173,https://www.oddsportal.com/baseball/usa/mlb-2011/washington-nationals-detroit-tigers-z1rooVaM/#over-under;3
174,https://www.oddsportal.com/baseball/usa/mlb-2011/cleveland-indians-los-angeles-angels-44SbgDZh/#over-under;3
175,https://www.oddsportal.com/baseball/usa/mlb-2011/chicago-white-sox-texas-rangers-dEyUyC4I/#over-under;3
176,https://www.oddsportal.com/baseball/usa/mlb-2011/seattle-mariners-oakland-athletics-AHuYzWJO/#over-under;3
177,https://www.oddsportal.com/baseball/usa/mlb-2011/atlanta-braves-new-york-mets-6PrHvEKa/#over-under;3
178,https://www.oddsportal.com/baseball/usa/mlb-2011/boston-red-sox-miami-marlins-CxtUodSP/#over-under;3
179,https://www.oddsportal.com/baseball/usa/mlb-2011/houston-astros-baltimore-orioles-OGL4uf5g/#over-under;3
180,https://www.oddsportal.com/baseball/usa/mlb-2011/st-louis-cardinals-minnesota-twins-O0wMwYZ5/#over-under;3
181,https://www.oddsportal.com/baseball/usa/mlb-2011/washington-nationals-new-york-yankees-UgM0tzjm/#over-under;3
182,https://www.oddsportal.com/baseball/usa/mlb-2011/san-diego-padres-san-francisco-giants-tEPZNhzJ/#over-under;3
183,https://www.oddsportal.com/baseball/usa/mlb-2011/colorado-rockies-kansas-city-royals-KbyRPE56/#over-under;3
184,https://www.oddsportal.com/baseball/usa/mlb-2011/cleveland-indians-seattle-mariners-0fhrYxbQ/#over-under;3
185,https://www.oddsportal.com/baseball/usa/mlb-2011/los-angeles-angels-arizona-diamondbacks-UPA6SGLm/#over-under;3
186,https://www.oddsportal.com/baseball/usa/mlb-2011/texas-rangers-cincinnati-reds-CYXIRzyf/#over-under;3
187,https://www.oddsportal.com/baseball/usa/mlb-2011/baltimore-orioles-philadelphia-phillies-0jpXDH6f/#over-under;3
188,https://www.oddsportal.com/baseball/usa/mlb-2011/st-louis-cardinals-detroit-tigers-n7nqBFjD/#over-under;3
189,https://www.oddsportal.com/baseball/usa/mlb-2011/tampa-bay-rays-pittsburgh-pirates-hUlzzaTD/#over-under;3
190,https://www.oddsportal.com/baseball/usa/mlb-2011/pittsburgh-pirates-baltimore-orioles-h0asThiF/#over-under;3
191,https://www.oddsportal.com/baseball/usa/mlb-2011/chicago-cubs-cleveland-indians-xCaTGwxr/#over-under;3
192,https://www.oddsportal.com/baseball/usa/mlb-2011/cincinnati-reds-san-francisco-giants-pGy0Y57F/#over-under;3
193,https://www.oddsportal.com/baseball/usa/mlb-2011/los-angeles-dodgers-san-diego-padres-6PxdZoh9/#over-under;3
194,https://www.oddsportal.com/baseball/usa/mlb-2011/milwaukee-brewers-colorado-rockies-llrizSx3/#over-under;3
195,https://www.oddsportal.com/baseball/usa/mlb-2011/minnesota-twins-toronto-blue-jays-dAwlEpGq/#over-under;3
196,https://www.oddsportal.com/baseball/usa/mlb-2011/atlanta-braves-st-louis-cardinals-f1iMIQ7S/#over-under;3
197,https://www.oddsportal.com/baseball/usa/mlb-2011/new-york-yankees-pittsburgh-pirates-80ycM883/#over-under;3
198,https://www.oddsportal.com/baseball/usa/mlb-2011/arizona-diamondbacks-milwaukee-brewers-EwxgNlgc/#over-under;3
199,https://www.oddsportal.com/baseball/usa/mlb-2011/chicago-cubs-kansas-city-royals-hpq0Fxzi/#over-under;3
200,https://www.oddsportal.com/baseball/usa/mlb-2011/los-angeles-angels-colorado-rockies-bTvRLvcN/#over-under;3
201,https://www.oddsportal.com/baseball/usa/mlb-2011/san-francisco-giants-chicago-white-sox-dEcUKbCT/#over-under;3
202,https://www.oddsportal.com/baseball/usa/mlb-2011/texas-rangers-oakland-athletics-zmwkOUwi/#over-under;3
203,https://www.oddsportal.com/baseball/usa/mlb-2011/new-york-mets-houston-astros-YeS9N0SA/#over-under;3
204,https://www.oddsportal.com/baseball/usa/mlb-2011/atlanta-braves-st-louis-cardinals-4MN5OtD4/#over-under;3
205,https://www.oddsportal.com/baseball/usa/mlb-2011/detroit-tigers-philadelphia-phillies-CrJ22ajo/#over-under;3
206,https://www.oddsportal.com/baseball/usa/mlb-2011/miami-marlins-washington-nationals-QVO1PMcb/#over-under;3
207,https://www.oddsportal.com/baseball/usa/mlb-2011/kansas-city-royals-cincinnati-reds-vkkJANr5/#over-under;3
208,https://www.oddsportal.com/baseball/usa/mlb-2011/milwaukee-brewers-los-angeles-dodgers-dQaEB3Tb/#over-under;3
209,https://www.oddsportal.com/baseball/usa/mlb-2011/oakland-athletics-san-diego-padres-IZ0ACqEh/#over-under;3
210,https://www.oddsportal.com/baseball/usa/mlb-2011/seattle-mariners-san-francisco-giants-AZWz7urU/#over-under;3
211,https://www.oddsportal.com/baseball/usa/mlb-2011/detroit-tigers-miami-marlins-dt6ydOTB/#over-under;3
212,https://www.oddsportal.com/baseball/usa/mlb-2011/minnesota-twins-pittsburgh-pirates-v5BWd4E5/#over-under;3
213,https://www.oddsportal.com/baseball/usa/mlb-2011/philadelphia-phillies-baltimore-orioles-tU7mgMDU/#over-under;3
214,https://www.oddsportal.com/baseball/usa/mlb-2011/tampa-bay-rays-toronto-blue-jays-zX4uerqI/#over-under;3
215,https://www.oddsportal.com/baseball/usa/mlb-2011/san-francisco-giants-texas-rangers-ddlKcpaa/#over-under;3
216,https://www.oddsportal.com/baseball/usa/mlb-2011/colorado-rockies-los-angeles-dodgers-2ZlGbQqg/#over-under;3
217,https://www.oddsportal.com/baseball/usa/mlb-2011/chicago-cubs-los-angeles-angels-UsYwIEpE/#over-under;3
218,https://www.oddsportal.com/baseball/usa/mlb-2011/oakland-athletics-seattle-mariners-67e70nFt/#over-under;3
219,https://www.oddsportal.com/baseball/usa/mlb-2011/miami-marlins-atlanta-braves-GCs24FVK/#over-under;3
220,https://www.oddsportal.com/baseball/usa/mlb-2011/minnesota-twins-st-louis-cardinals-CSpkcXNf/#over-under;3
221,https://www.oddsportal.com/baseball/usa/mlb-2011/pittsburgh-pirates-tampa-bay-rays-f3t63ZpR/#over-under;3
222,https://www.oddsportal.com/baseball/usa/mlb-2011/washington-nationals-houston-astros-zcOYbggr/#over-under;3
223,https://www.oddsportal.com/baseball/usa/mlb-2011/chicago-white-sox-kansas-city-royals-Q1warY81/#over-under;3
224,https://www.oddsportal.com/baseball/usa/mlb-2011/los-angeles-angels-arizona-diamondbacks-4hx3shO7/#over-under;3
225,https://www.oddsportal.com/baseball/usa/mlb-2011/san-francisco-giants-seattle-mariners-fZUBkGGR/#over-under;3
226,https://www.oddsportal.com/baseball/usa/mlb-2011/new-york-mets-boston-red-sox-0CV7jd1L/#over-under;3
227,https://www.oddsportal.com/baseball/usa/mlb-2011/houston-astros-new-york-yankees-MLW3ixnF/#over-under;3
228,https://www.oddsportal.com/baseball/usa/mlb-2011/miami-marlins-st-louis-cardinals-pb4CUEv2/#over-under;3
229,https://www.oddsportal.com/baseball/usa/mlb-2011/minnesota-twins-baltimore-orioles-lWA3WzAk/#over-under;3
230,https://www.oddsportal.com/baseball/usa/mlb-2011/washington-nationals-atlanta-braves-tAF6hIW8/#over-under;3
231,https://www.oddsportal.com/baseball/usa/mlb-2011/arizona-diamondbacks-texas-rangers-AuCaXGfq/#over-under;3
232,https://www.oddsportal.com/baseball/usa/mlb-2011/chicago-cubs-san-diego-padres-fVlDva29/#over-under;3
233,https://www.oddsportal.com/baseball/usa/mlb-2011/kansas-city-royals-colorado-rockies-ImKXycnS/#over-under;3
234,https://www.oddsportal.com/baseball/usa/mlb-2011/los-angeles-dodgers-cincinnati-reds-08k9uum3/#over-under;3
235,https://www.oddsportal.com/baseball/usa/mlb-2011/milwaukee-brewers-los-angeles-angels-zucLxwXL/#over-under;3
236,https://www.oddsportal.com/baseball/usa/mlb-2011/oakland-athletics-san-francisco-giants-hG7GwJHF/#over-under;3
237,https://www.oddsportal.com/baseball/usa/mlb-2011/atlanta-braves-new-york-mets-2ipAIHuj/#over-under;3
238,https://www.oddsportal.com/baseball/usa/mlb-2011/new-york-yankees-washington-nationals-bBsJQuY9/#over-under;3
239,https://www.oddsportal.com/baseball/usa/mlb-2011/philadelphia-phillies-pittsburgh-pirates-8Up6JcQq/#over-under;3
240,https://www.oddsportal.com/baseball/usa/mlb-2011/tampa-bay-rays-minnesota-twins-lp4ZOJ2M/#over-under;3
241,https://www.oddsportal.com/baseball/usa/mlb-2011/arizona-diamondbacks-san-diego-padres-xdgAS13c/#over-under;3
242,https://www.oddsportal.com/baseball/usa/mlb-2011/cleveland-indians-colorado-rockies-YuMwOnCB/#over-under;3
243,https://www.oddsportal.com/baseball/usa/mlb-2011/kansas-city-royals-chicago-cubs-vJMZOSd5/#over-under;3
244,https://www.oddsportal.com/baseball/usa/mlb-2011/oakland-athletics-texas-rangers-Ohk6Tsli/#over-under;3
245,https://www.oddsportal.com/baseball/usa/mlb-2011/seattle-mariners-cincinnati-reds-6XxG4bBj/#over-under;3
246,https://www.oddsportal.com/baseball/usa/mlb-2011/detroit-tigers-baltimore-orioles-65ndYjkP/#over-under;3
247,https://www.oddsportal.com/baseball/usa/mlb-2011/houston-astros-st-louis-cardinals-xlwSSUCn/#over-under;3
248,https://www.oddsportal.com/baseball/usa/mlb-2011/miami-marlins-new-york-mets-GvxWRlSh/#over-under;3
249,https://www.oddsportal.com/baseball/usa/mlb-2011/minnesota-twins-tampa-bay-rays-0rp597CO/#over-under;3
250,https://www.oddsportal.com/baseball/usa/mlb-2011/pittsburgh-pirates-philadelphia-phillies-b3RzR8sa/#over-under;3
251,https://www.oddsportal.com/baseball/usa/mlb-2011/cincinnati-reds-los-angeles-dodgers-nut1AmcI/#over-under;3
252,https://www.oddsportal.com/baseball/usa/mlb-2011/colorado-rockies-san-francisco-giants-hItcBTsC/#over-under;3
253,https://www.oddsportal.com/baseball/usa/mlb-2011/chicago-white-sox-seattle-mariners-4dlpEVcg/#over-under;3
254,https://www.oddsportal.com/baseball/usa/mlb-2011/los-angeles-angels-kansas-city-royals-n5BdDkDa/#over-under;3
255,https://www.oddsportal.com/baseball/usa/mlb-2011/milwaukee-brewers-oakland-athletics-AZltFBrm/#over-under;3
256,https://www.oddsportal.com/baseball/usa/mlb-2011/san-diego-padres-arizona-diamondbacks-ERsgC9S5/#over-under;3
257,https://www.oddsportal.com/baseball/usa/mlb-2011/atlanta-braves-detroit-tigers-hE0b0CTg/#over-under;3
258,https://www.oddsportal.com/baseball/usa/mlb-2011/baltimore-orioles-minnesota-twins-tzgBcADC/#over-under;3
259,https://www.oddsportal.com/baseball/usa/mlb-2011/boston-red-sox-philadelphia-phillies-bB36bjb6/#over-under;3
260,https://www.oddsportal.com/baseball/usa/mlb-2011/houston-astros-miami-marlins-jk89KXKP/#over-under;3
261,https://www.oddsportal.com/baseball/usa/mlb-2011/tampa-bay-rays-new-york-yankees-KQiFdUSI/#over-under;3
262,https://www.oddsportal.com/baseball/usa/mlb-2011/toronto-blue-jays-pittsburgh-pirates-ny02aWr0/#over-under;3
263,https://www.oddsportal.com/baseball/usa/mlb-2011/cincinnati-reds-chicago-white-sox-hUrs2Ybs/#over-under;3
264,https://www.oddsportal.com/baseball/usa/mlb-2011/los-angeles-dodgers-kansas-city-royals-jLdF6EjQ/#over-under;3
265,https://www.oddsportal.com/baseball/usa/mlb-2011/milwaukee-brewers-chicago-cubs-reg78zMD/#over-under;3
266,https://www.oddsportal.com/baseball/usa/mlb-2011/oakland-athletics-cleveland-indians-z54IarID/#over-under;3
267,https://www.oddsportal.com/baseball/usa/mlb-2011/san-diego-padres-colorado-rockies-dbcB7fyK/#over-under;3
268,https://www.oddsportal.com/baseball/usa/mlb-2011/texas-rangers-los-angeles-angels-dE5E0O27/#over-under;3
269,https://www.oddsportal.com/baseball/usa/mlb-2011/boston-red-sox-atlanta-braves-Es4J9SuL/#over-under;3
270,https://www.oddsportal.com/baseball/usa/mlb-2011/philadelphia-phillies-baltimore-orioles-ADkk463r/#over-under;3
271,https://www.oddsportal.com/baseball/usa/mlb-2011/pittsburgh-pirates-minnesota-twins-hY2N8neR/#over-under;3
272,https://www.oddsportal.com/baseball/usa/mlb-2011/st-louis-cardinals-new-york-mets-ll6A14m1/#over-under;3
273,https://www.oddsportal.com/baseball/usa/mlb-2011/toronto-blue-jays-tampa-bay-rays-Ac762pYf/#over-under;3
274,https://www.oddsportal.com/baseball/usa/mlb-2011/washington-nationals-miami-marlins-SYH13QIl/#over-under;3
275,https://www.oddsportal.com/baseball/usa/mlb-2011/chicago-white-sox-milwaukee-brewers-29uHmoJ1/#over-under;3
276,https://www.oddsportal.com/baseball/usa/mlb-2011/cleveland-indians-los-angeles-dodgers-KpjClR3e/#over-under;3
277,https://www.oddsportal.com/baseball/usa/mlb-2011/kansas-city-royals-san-diego-padres-tfi8k7lk/#over-under;3
278,https://www.oddsportal.com/baseball/usa/mlb-2011/san-francisco-giants-chicago-cubs-0fbKn5Y7/#over-under;3
279,https://www.oddsportal.com/baseball/usa/mlb-2011/seattle-mariners-texas-rangers-CKn4jmZr/#over-under;3
280,https://www.oddsportal.com/baseball/usa/mlb-2011/baltimore-orioles-tampa-bay-rays-fZCykfDp/#over-under;3
281,https://www.oddsportal.com/baseball/usa/mlb-2011/houston-astros-atlanta-braves-tl8FAHKc/#over-under;3
282,https://www.oddsportal.com/baseball/usa/mlb-2011/miami-marlins-st-louis-cardinals-lEBN8ekA/#over-under;3
283,https://www.oddsportal.com/baseball/usa/mlb-2011/minnesota-twins-boston-red-sox-zB7J9yz4/#over-under;3
284,https://www.oddsportal.com/baseball/usa/mlb-2011/pittsburgh-pirates-new-york-yankees-YPBulESj/#over-under;3
285,https://www.oddsportal.com/baseball/usa/mlb-2011/washington-nationals-new-york-mets-2c9BBc5i/#over-under;3
286,https://www.oddsportal.com/baseball/usa/mlb-2011/tampa-bay-rays-pittsburgh-pirates-KlKAtcLN/#over-under;3
287,https://www.oddsportal.com/baseball/usa/mlb-2011/atlanta-braves-new-york-mets-QVrlX1xg/#over-under;3
