﻿,0
0,https://www.oddsportal.com/baseball/usa/mlb-2015/st-louis-cardinals-san-diego-padres-4jMMm2Go/#over-under;3
1,https://www.oddsportal.com/baseball/usa/mlb-2015/chicago-white-sox-baltimore-orioles-K0ZFiBHJ/#over-under;3
2,https://www.oddsportal.com/baseball/usa/mlb-2015/pittsburgh-pirates-cleveland-indians-dnG6sRgC/#over-under;3
3,https://www.oddsportal.com/baseball/usa/mlb-2015/los-angeles-dodgers-texas-rangers-Ol6nbLbl/#over-under;3
4,https://www.oddsportal.com/baseball/usa/mlb-2015/colorado-rockies-houston-astros-8E9Bd8Nq/#over-under;3
5,https://www.oddsportal.com/baseball/usa/mlb-2015/colorado-rockies-houston-astros-pxb6mVpT/#over-under;3
6,https://www.oddsportal.com/baseball/usa/mlb-2015/san-diego-padres-oakland-athletics-4rdewQ5O/#over-under;3
7,https://www.oddsportal.com/baseball/usa/mlb-2015/chicago-white-sox-kansas-city-royals-Mm8www63/#over-under;3
8,https://www.oddsportal.com/baseball/usa/mlb-2015/los-angeles-dodgers-los-angeles-angels-OELR0vgQ/#over-under;3
9,https://www.oddsportal.com/baseball/usa/mlb-2015/arizona-diamondbacks-chicago-cubs-6wRM1KwK/#over-under;3
10,https://www.oddsportal.com/baseball/usa/mlb-2015/houston-astros-kansas-city-royals-W0nKsanl/#over-under;3
11,https://www.oddsportal.com/baseball/usa/mlb-2015/oakland-athletics-san-francisco-giants-0C8yjNv8/#over-under;3
12,https://www.oddsportal.com/baseball/usa/mlb-2015/atlanta-braves-baltimore-orioles-0tzXvcW6/#over-under;3
13,https://www.oddsportal.com/baseball/usa/mlb-2015/colorado-rockies-seattle-mariners-SnSI20OD/#over-under;3
14,https://www.oddsportal.com/baseball/usa/mlb-2015/milwaukee-brewers-cleveland-indians-EqvyvHoD/#over-under;3
15,https://www.oddsportal.com/baseball/usa/mlb-2015/texas-rangers-new-york-mets-IHpSuwH0/#over-under;3
16,https://www.oddsportal.com/baseball/usa/mlb-2015/toronto-blue-jays-cincinnati-reds-CvWz9yom/#over-under;3
17,https://www.oddsportal.com/baseball/usa/mlb-2015/minnesota-twins-boston-red-sox-YP6ql19K/#over-under;3
18,https://www.oddsportal.com/baseball/usa/mlb-2015/philadelphia-phillies-pittsburgh-pirates-hAmGruXs/#over-under;3
19,https://www.oddsportal.com/baseball/usa/mlb-2015/washington-nationals-new-york-yankees-nTAmmLOQ/#over-under;3
20,https://www.oddsportal.com/baseball/usa/mlb-2015/tampa-bay-rays-detroit-tigers-v37uksfE/#over-under;3
21,https://www.oddsportal.com/baseball/usa/mlb-2015/san-francisco-giants-oakland-athletics-SORrkav8/#over-under;3
22,https://www.oddsportal.com/baseball/usa/mlb-2015/los-angeles-angels-los-angeles-dodgers-lYSvjuP1/#over-under;3
23,https://www.oddsportal.com/baseball/usa/mlb-2015/seattle-mariners-colorado-rockies-fBTziL9e/#over-under;3
24,https://www.oddsportal.com/baseball/usa/mlb-2015/arizona-diamondbacks-chicago-cubs-dQAXi1fk/#over-under;3
25,https://www.oddsportal.com/baseball/usa/mlb-2015/houston-astros-kansas-city-royals-G6kbw2ud/#over-under;3
26,https://www.oddsportal.com/baseball/usa/mlb-2015/texas-rangers-new-york-mets-E1LShsuq/#over-under;3
27,https://www.oddsportal.com/baseball/usa/mlb-2015/toronto-blue-jays-cincinnati-reds-YmXW9HVt/#over-under;3
28,https://www.oddsportal.com/baseball/usa/mlb-2015/boston-red-sox-minnesota-twins-4SVhaq2F/#over-under;3
29,https://www.oddsportal.com/baseball/usa/mlb-2015/philadelphia-phillies-pittsburgh-pirates-rJUdb3HL/#over-under;3
30,https://www.oddsportal.com/baseball/usa/mlb-2015/baltimore-orioles-atlanta-braves-80xp15X2/#over-under;3
31,https://www.oddsportal.com/baseball/usa/mlb-2015/cleveland-indians-milwaukee-brewers-fcl2xMf2/#over-under;3
32,https://www.oddsportal.com/baseball/usa/mlb-2015/detroit-tigers-tampa-bay-rays-48BTdjtH/#over-under;3
33,https://www.oddsportal.com/baseball/usa/mlb-2015/new-york-yankees-washington-nationals-d4ZduOAq/#over-under;3
34,https://www.oddsportal.com/baseball/usa/mlb-2015/san-francisco-giants-oakland-athletics-j57PcWQA/#over-under;3
35,https://www.oddsportal.com/baseball/usa/mlb-2015/los-angeles-angels-los-angeles-dodgers-8tIKbCB4/#over-under;3
36,https://www.oddsportal.com/baseball/usa/mlb-2015/minnesota-twins-boston-red-sox-0GEC0Yth/#over-under;3
37,https://www.oddsportal.com/baseball/usa/mlb-2015/atlanta-braves-baltimore-orioles-MPF81ERo/#over-under;3
38,https://www.oddsportal.com/baseball/usa/mlb-2015/arizona-diamondbacks-chicago-white-sox-KKyQxVlo/#over-under;3
39,https://www.oddsportal.com/baseball/usa/mlb-2015/cincinnati-reds-cleveland-indians-j5ofriRN/#over-under;3
40,https://www.oddsportal.com/baseball/usa/mlb-2015/san-diego-padres-milwaukee-brewers-pSpbsBtU/#over-under;3
41,https://www.oddsportal.com/baseball/usa/mlb-2015/philadelphia-phillies-tampa-bay-rays-CEnjqXBH/#over-under;3
42,https://www.oddsportal.com/baseball/usa/mlb-2015/st-louis-cardinals-new-york-mets-Gngsogs5/#over-under;3
43,https://www.oddsportal.com/baseball/usa/mlb-2015/baltimore-orioles-pittsburgh-pirates-MPgwnZRb/#over-under;3
44,https://www.oddsportal.com/baseball/usa/mlb-2015/colorado-rockies-texas-rangers-8MkZnFCh/#over-under;3
45,https://www.oddsportal.com/baseball/usa/mlb-2015/chicago-cubs-milwaukee-brewers-xKzMub5P/#over-under;3
46,https://www.oddsportal.com/baseball/usa/mlb-2015/cincinnati-reds-arizona-diamondbacks-AXALTiCU/#over-under;3
47,https://www.oddsportal.com/baseball/usa/mlb-2015/san-francisco-giants-cleveland-indians-Qc0Umecn/#over-under;3
48,https://www.oddsportal.com/baseball/usa/mlb-2015/kansas-city-royals-los-angeles-dodgers-WtCHUXdO/#over-under;3
49,https://www.oddsportal.com/baseball/usa/mlb-2015/oakland-athletics-los-angeles-angels-lIMCVDsI/#over-under;3
50,https://www.oddsportal.com/baseball/usa/mlb-2015/new-york-mets-st-louis-cardinals-zFI8WgSB/#over-under;3
51,https://www.oddsportal.com/baseball/usa/mlb-2015/houston-astros-detroit-tigers-pQPeZerg/#over-under;3
52,https://www.oddsportal.com/baseball/usa/mlb-2015/miami-marlins-washington-nationals-thJ4XZC5/#over-under;3
53,https://www.oddsportal.com/baseball/usa/mlb-2015/new-york-yankees-tampa-bay-rays-21K0YFca/#over-under;3
54,https://www.oddsportal.com/baseball/usa/mlb-2015/philadelphia-phillies-atlanta-braves-CCRmyIDt/#over-under;3
55,https://www.oddsportal.com/baseball/usa/mlb-2015/san-diego-padres-kansas-city-royals-zFdwHESO/#over-under;3
56,https://www.oddsportal.com/baseball/usa/mlb-2015/atlanta-braves-houston-astros-dOcZHfDI/#over-under;3
57,https://www.oddsportal.com/baseball/usa/mlb-2015/los-angeles-angels-oakland-athletics-SlgVIzbC/#over-under;3
58,https://www.oddsportal.com/baseball/usa/mlb-2015/cleveland-indians-seattle-mariners-lbfRJGr6/#over-under;3
59,https://www.oddsportal.com/baseball/usa/mlb-2015/los-angeles-dodgers-chicago-white-sox-b91EMIbm/#over-under;3
60,https://www.oddsportal.com/baseball/usa/mlb-2015/milwaukee-brewers-cincinnati-reds-hW0ILxEg/#over-under;3
61,https://www.oddsportal.com/baseball/usa/mlb-2015/san-francisco-giants-colorado-rockies-6Z4MKdTa/#over-under;3
62,https://www.oddsportal.com/baseball/usa/mlb-2015/toronto-blue-jays-philadelphia-phillies-hzaAhG06/#over-under;3
63,https://www.oddsportal.com/baseball/usa/mlb-2015/detroit-tigers-pittsburgh-pirates-GlbkSvyQ/#over-under;3
64,https://www.oddsportal.com/baseball/usa/mlb-2015/minnesota-twins-new-york-yankees-xbaoTKLJ/#over-under;3
65,https://www.oddsportal.com/baseball/usa/mlb-2015/st-louis-cardinals-miami-marlins-OfB34yqJ/#over-under;3
66,https://www.oddsportal.com/baseball/usa/mlb-2015/washington-nationals-new-york-mets-SSHf6cE6/#over-under;3
67,https://www.oddsportal.com/baseball/usa/mlb-2015/boston-red-sox-minnesota-twins-lxJj7wa0/#over-under;3
68,https://www.oddsportal.com/baseball/usa/mlb-2015/houston-astros-toronto-blue-jays-WKA1fxWg/#over-under;3
69,https://www.oddsportal.com/baseball/usa/mlb-2015/arizona-diamondbacks-los-angeles-dodgers-K2En8Jqf/#over-under;3
70,https://www.oddsportal.com/baseball/usa/mlb-2015/chicago-cubs-san-francisco-giants-M9NyD8VL/#over-under;3
71,https://www.oddsportal.com/baseball/usa/mlb-2015/chicago-white-sox-cleveland-indians-UFp3TTF2/#over-under;3
72,https://www.oddsportal.com/baseball/usa/mlb-2015/cincinnati-reds-san-diego-padres-tCFr9aUm/#over-under;3
73,https://www.oddsportal.com/baseball/usa/mlb-2015/oakland-athletics-colorado-rockies-86q7SmV8/#over-under;3
74,https://www.oddsportal.com/baseball/usa/mlb-2015/seattle-mariners-los-angeles-angels-bmQwAuFs/#over-under;3
75,https://www.oddsportal.com/baseball/usa/mlb-2015/texas-rangers-kansas-city-royals-2TrBR7pF/#over-under;3
76,https://www.oddsportal.com/baseball/usa/mlb-2015/new-york-mets-miami-marlins-hb1K4pw2/#over-under;3
77,https://www.oddsportal.com/baseball/usa/mlb-2015/detroit-tigers-atlanta-braves-00MuCSpS/#over-under;3
78,https://www.oddsportal.com/baseball/usa/mlb-2015/pittsburgh-pirates-philadelphia-phillies-Kp3C668k/#over-under;3
79,https://www.oddsportal.com/baseball/usa/mlb-2015/st-louis-cardinals-washington-nationals-E72G5QNe/#over-under;3
80,https://www.oddsportal.com/baseball/usa/mlb-2015/tampa-bay-rays-baltimore-orioles-6sa87ngq/#over-under;3
81,https://www.oddsportal.com/baseball/usa/mlb-2015/cleveland-indians-chicago-white-sox-QNswh7gd/#over-under;3
82,https://www.oddsportal.com/baseball/usa/mlb-2015/kansas-city-royals-chicago-cubs-nXrZhmvj/#over-under;3
83,https://www.oddsportal.com/baseball/usa/mlb-2015/oakland-athletics-milwaukee-brewers-hUZOFAo3/#over-under;3
84,https://www.oddsportal.com/baseball/usa/mlb-2015/san-diego-padres-seattle-mariners-zgPTEU09/#over-under;3
85,https://www.oddsportal.com/baseball/usa/mlb-2015/los-angeles-angels-cincinnati-reds-UelUgTOq/#over-under;3
86,https://www.oddsportal.com/baseball/usa/mlb-2015/toronto-blue-jays-baltimore-orioles-QN7gdb1s/#over-under;3
87,https://www.oddsportal.com/baseball/usa/mlb-2015/atlanta-braves-pittsburgh-pirates-YP2bak1M/#over-under;3
88,https://www.oddsportal.com/baseball/usa/mlb-2015/boston-red-sox-tampa-bay-rays-Sn22b9GS/#over-under;3
89,https://www.oddsportal.com/baseball/usa/mlb-2015/philadelphia-phillies-detroit-tigers-W06s3X1c/#over-under;3
90,https://www.oddsportal.com/baseball/usa/mlb-2015/st-louis-cardinals-new-york-mets-vR9k1BW9/#over-under;3
91,https://www.oddsportal.com/baseball/usa/mlb-2015/houston-astros-new-york-yankees-Mkaf0VoG/#over-under;3
92,https://www.oddsportal.com/baseball/usa/mlb-2015/washington-nationals-miami-marlins-hA7w4Dni/#over-under;3
93,https://www.oddsportal.com/baseball/usa/mlb-2015/arizona-diamondbacks-kansas-city-royals-88dzbK3d/#over-under;3
94,https://www.oddsportal.com/baseball/usa/mlb-2015/los-angeles-angels-los-angeles-dodgers-ADzJM3tc/#over-under;3
95,https://www.oddsportal.com/baseball/usa/mlb-2015/chicago-white-sox-oakland-athletics-OIVbH84H/#over-under;3
96,https://www.oddsportal.com/baseball/usa/mlb-2015/milwaukee-brewers-cleveland-indians-6syfIlkB/#over-under;3
97,https://www.oddsportal.com/baseball/usa/mlb-2015/texas-rangers-san-diego-padres-0rgSatZq/#over-under;3
98,https://www.oddsportal.com/baseball/usa/mlb-2015/new-york-mets-washington-nationals-SjxjJUZ4/#over-under;3
99,https://www.oddsportal.com/baseball/usa/mlb-2015/detroit-tigers-st-louis-cardinals-YTxnKAKb/#over-under;3
100,https://www.oddsportal.com/baseball/usa/mlb-2015/miami-marlins-houston-astros-vVqwMWkn/#over-under;3
101,https://www.oddsportal.com/baseball/usa/mlb-2015/minnesota-twins-philadelphia-phillies-MgZsLj5h/#over-under;3
102,https://www.oddsportal.com/baseball/usa/mlb-2015/new-york-yankees-baltimore-orioles-l64T1T4U/#over-under;3
103,https://www.oddsportal.com/baseball/usa/mlb-2015/tampa-bay-rays-boston-red-sox-0voZMCzt/#over-under;3
104,https://www.oddsportal.com/baseball/usa/mlb-2015/cincinnati-reds-milwaukee-brewers-EmCG4VKB/#over-under;3
105,https://www.oddsportal.com/baseball/usa/mlb-2015/los-angeles-dodgers-san-francisco-giants-SjGK3kzI/#over-under;3
106,https://www.oddsportal.com/baseball/usa/mlb-2015/san-diego-padres-colorado-rockies-KQCC5B55/#over-under;3
107,https://www.oddsportal.com/baseball/usa/mlb-2015/kansas-city-royals-seattle-mariners-SAb39g6t/#over-under;3
108,https://www.oddsportal.com/baseball/usa/mlb-2015/houston-astros-miami-marlins-tzE86ija/#over-under;3
109,https://www.oddsportal.com/baseball/usa/mlb-2015/chicago-cubs-chicago-white-sox-K4yxgYLa/#over-under;3
110,https://www.oddsportal.com/baseball/usa/mlb-2015/oakland-athletics-texas-rangers-MXc78DLn/#over-under;3
111,https://www.oddsportal.com/baseball/usa/mlb-2015/toronto-blue-jays-detroit-tigers-6wH3iz3o/#over-under;3
112,https://www.oddsportal.com/baseball/usa/mlb-2015/atlanta-braves-boston-red-sox-tKPpiCjC/#over-under;3
113,https://www.oddsportal.com/baseball/usa/mlb-2015/baltimore-orioles-tampa-bay-rays-jk7yEZcP/#over-under;3
114,https://www.oddsportal.com/baseball/usa/mlb-2015/minnesota-twins-pittsburgh-pirates-lpThkjLO/#over-under;3
115,https://www.oddsportal.com/baseball/usa/mlb-2015/philadelphia-phillies-new-york-yankees-AgUljW5I/#over-under;3
116,https://www.oddsportal.com/baseball/usa/mlb-2015/san-francisco-giants-oakland-athletics-MJIYgE6g/#over-under;3
117,https://www.oddsportal.com/baseball/usa/mlb-2015/texas-rangers-colorado-rockies-SdJUffim/#over-under;3
118,https://www.oddsportal.com/baseball/usa/mlb-2015/chicago-cubs-los-angeles-angels-zaIKncaQ/#over-under;3
119,https://www.oddsportal.com/baseball/usa/mlb-2015/washington-nationals-new-york-mets-CK9nrH7s/#over-under;3
120,https://www.oddsportal.com/baseball/usa/mlb-2015/arizona-diamondbacks-san-diego-padres-l6KQezxs/#over-under;3
121,https://www.oddsportal.com/baseball/usa/mlb-2015/chicago-white-sox-los-angeles-dodgers-8Cxb0GTP/#over-under;3
122,https://www.oddsportal.com/baseball/usa/mlb-2015/cleveland-indians-cincinnati-reds-GIkCxDyJ/#over-under;3
123,https://www.oddsportal.com/baseball/usa/mlb-2015/toronto-blue-jays-philadelphia-phillies-YknkYC2N/#over-under;3
124,https://www.oddsportal.com/baseball/usa/mlb-2015/boston-red-sox-minnesota-twins-Kjd3vZ66/#over-under;3
125,https://www.oddsportal.com/baseball/usa/mlb-2015/detroit-tigers-baltimore-orioles-YZcetexf/#over-under;3
126,https://www.oddsportal.com/baseball/usa/mlb-2015/pittsburgh-pirates-atlanta-braves-fqaisyNm/#over-under;3
127,https://www.oddsportal.com/baseball/usa/mlb-2015/st-louis-cardinals-miami-marlins-t0cauFi0/#over-under;3
128,https://www.oddsportal.com/baseball/usa/mlb-2015/tampa-bay-rays-new-york-yankees-2Fo8wgMC/#over-under;3
129,https://www.oddsportal.com/baseball/usa/mlb-2015/cincinnati-reds-texas-rangers-txJGmwpK/#over-under;3
130,https://www.oddsportal.com/baseball/usa/mlb-2015/seattle-mariners-chicago-cubs-2oKClJUD/#over-under;3
131,https://www.oddsportal.com/baseball/usa/mlb-2015/kansas-city-royals-chicago-white-sox-QTzUPZiD/#over-under;3
132,https://www.oddsportal.com/baseball/usa/mlb-2015/colorado-rockies-san-francisco-giants-nwxQQFx7/#over-under;3
133,https://www.oddsportal.com/baseball/usa/mlb-2015/los-angeles-angels-cleveland-indians-hGxMReN0/#over-under;3
134,https://www.oddsportal.com/baseball/usa/mlb-2015/los-angeles-dodgers-san-diego-padres-ttZHSy8f/#over-under;3
135,https://www.oddsportal.com/baseball/usa/mlb-2015/milwaukee-brewers-oakland-athletics-bHqDTHhl/#over-under;3
136,https://www.oddsportal.com/baseball/usa/mlb-2015/detroit-tigers-miami-marlins-W2TWmnv3/#over-under;3
137,https://www.oddsportal.com/baseball/usa/mlb-2015/minnesota-twins-tampa-bay-rays-hIHunQ8F/#over-under;3
138,https://www.oddsportal.com/baseball/usa/mlb-2015/new-york-yankees-new-york-mets-ERIym6g9/#over-under;3
139,https://www.oddsportal.com/baseball/usa/mlb-2015/philadelphia-phillies-houston-astros-IaPSlSOd/#over-under;3
140,https://www.oddsportal.com/baseball/usa/mlb-2015/st-louis-cardinals-washington-nationals-KQp9Ucwr/#over-under;3
141,https://www.oddsportal.com/baseball/usa/mlb-2015/baltimore-orioles-toronto-blue-jays-MFroZhmH/#over-under;3
142,https://www.oddsportal.com/baseball/usa/mlb-2015/cleveland-indians-san-francisco-giants-4dyoQrnd/#over-under;3
143,https://www.oddsportal.com/baseball/usa/mlb-2015/arizona-diamondbacks-milwaukee-brewers-Q5xsROWk/#over-under;3
144,https://www.oddsportal.com/baseball/usa/mlb-2015/new-york-yankees-detroit-tigers-bq6pS4Hq/#over-under;3
145,https://www.oddsportal.com/baseball/usa/mlb-2015/chicago-white-sox-colorado-rockies-lAGAY6vG/#over-under;3
146,https://www.oddsportal.com/baseball/usa/mlb-2015/oakland-athletics-chicago-cubs-6oR5ZnP9/#over-under;3
147,https://www.oddsportal.com/baseball/usa/mlb-2015/san-diego-padres-seattle-mariners-dzKIWp9S/#over-under;3
148,https://www.oddsportal.com/baseball/usa/mlb-2015/texas-rangers-los-angeles-angels-2DKEXQgM/#over-under;3
149,https://www.oddsportal.com/baseball/usa/mlb-2015/new-york-mets-houston-astros-GdbDTdyi/#over-under;3
150,https://www.oddsportal.com/baseball/usa/mlb-2015/atlanta-braves-philadelphia-phillies-SfS1zT93/#over-under;3
151,https://www.oddsportal.com/baseball/usa/mlb-2015/miami-marlins-boston-red-sox-bLNcy9fc/#over-under;3
152,https://www.oddsportal.com/baseball/usa/mlb-2015/minnesota-twins-toronto-blue-jays-ShqszZXA/#over-under;3
153,https://www.oddsportal.com/baseball/usa/mlb-2015/pittsburgh-pirates-baltimore-orioles-KUOgxkui/#over-under;3
154,https://www.oddsportal.com/baseball/usa/mlb-2015/texas-rangers-cincinnati-reds-4Mf9UxMp/#over-under;3
155,https://www.oddsportal.com/baseball/usa/mlb-2015/colorado-rockies-milwaukee-brewers-8j9wzabN/#over-under;3
156,https://www.oddsportal.com/baseball/usa/mlb-2015/los-angeles-angels-seattle-mariners-ns8sZIDT/#over-under;3
157,https://www.oddsportal.com/baseball/usa/mlb-2015/cleveland-indians-oakland-athletics-jFEYzuqH/#over-under;3
158,https://www.oddsportal.com/baseball/usa/mlb-2015/los-angeles-dodgers-arizona-diamondbacks-4bCMwsab/#over-under;3
159,https://www.oddsportal.com/baseball/usa/mlb-2015/san-diego-padres-chicago-white-sox-I1GQx1E4/#over-under;3
160,https://www.oddsportal.com/baseball/usa/mlb-2015/san-francisco-giants-kansas-city-royals-COFUyLTA/#over-under;3
161,https://www.oddsportal.com/baseball/usa/mlb-2015/boston-red-sox-st-louis-cardinals-MZMHvNqh/#over-under;3
162,https://www.oddsportal.com/baseball/usa/mlb-2015/houston-astros-atlanta-braves-W4baMuUN/#over-under;3
163,https://www.oddsportal.com/baseball/usa/mlb-2015/miami-marlins-new-york-mets-GxzWGJio/#over-under;3
164,https://www.oddsportal.com/baseball/usa/mlb-2015/philadelphia-phillies-minnesota-twins-ETm4LaqU/#over-under;3
165,https://www.oddsportal.com/baseball/usa/mlb-2015/tampa-bay-rays-pittsburgh-pirates-rqODu3Uo/#over-under;3
166,https://www.oddsportal.com/baseball/usa/mlb-2015/washington-nationals-new-york-yankees-I1feNLEH/#over-under;3
167,https://www.oddsportal.com/baseball/usa/mlb-2015/arizona-diamondbacks-colorado-rockies-OveiO1aB/#over-under;3
168,https://www.oddsportal.com/baseball/usa/mlb-2015/chicago-cubs-san-diego-padres-foO1Dpog/#over-under;3
169,https://www.oddsportal.com/baseball/usa/mlb-2015/cincinnati-reds-oakland-athletics-SC1rQNUb/#over-under;3
170,https://www.oddsportal.com/baseball/usa/mlb-2015/los-angeles-dodgers-cleveland-indians-fa3zSq0n/#over-under;3
171,https://www.oddsportal.com/baseball/usa/mlb-2015/milwaukee-brewers-chicago-white-sox-dEpXSPpt/#over-under;3
172,https://www.oddsportal.com/baseball/usa/mlb-2015/seattle-mariners-texas-rangers-pldmPsp5/#over-under;3
173,https://www.oddsportal.com/baseball/usa/mlb-2015/new-york-mets-new-york-yankees-WjJQ7tFU/#over-under;3
174,https://www.oddsportal.com/baseball/usa/mlb-2015/baltimore-orioles-st-louis-cardinals-h0KM8MaO/#over-under;3
175,https://www.oddsportal.com/baseball/usa/mlb-2015/boston-red-sox-philadelphia-phillies-pzHEArVB/#over-under;3
176,https://www.oddsportal.com/baseball/usa/mlb-2015/houston-astros-pittsburgh-pirates-OQFI92pI/#over-under;3
177,https://www.oddsportal.com/baseball/usa/mlb-2015/miami-marlins-minnesota-twins-2BR9BOF5/#over-under;3
178,https://www.oddsportal.com/baseball/usa/mlb-2015/toronto-blue-jays-tampa-bay-rays-WQkYye3b/#over-under;3
179,https://www.oddsportal.com/baseball/usa/mlb-2015/los-angeles-angels-san-francisco-giants-GfPcEQVn/#over-under;3
180,https://www.oddsportal.com/baseball/usa/mlb-2015/chicago-cubs-seattle-mariners-jgLgJFHE/#over-under;3
181,https://www.oddsportal.com/baseball/usa/mlb-2015/chicago-white-sox-kansas-city-royals-zq80F6Gt/#over-under;3
182,https://www.oddsportal.com/baseball/usa/mlb-2015/san-diego-padres-arizona-diamondbacks-WCho9Vg7/#over-under;3
183,https://www.oddsportal.com/baseball/usa/mlb-2015/oakland-athletics-cincinnati-reds-pGdk8k9D/#over-under;3
184,https://www.oddsportal.com/baseball/usa/mlb-2015/detroit-tigers-new-york-mets-Ac4xBiPf/#over-under;3
185,https://www.oddsportal.com/baseball/usa/mlb-2015/new-york-yankees-houston-astros-tOaYBX9l/#over-under;3
186,https://www.oddsportal.com/baseball/usa/mlb-2015/philadelphia-phillies-toronto-blue-jays-4CaCmXpD/#over-under;3
187,https://www.oddsportal.com/baseball/usa/mlb-2015/pittsburgh-pirates-boston-red-sox-2X0UCDfr/#over-under;3
188,https://www.oddsportal.com/baseball/usa/mlb-2015/cleveland-indians-los-angeles-angels-zow7eCP7/#over-under;3
189,https://www.oddsportal.com/baseball/usa/mlb-2015/san-diego-padres-kansas-city-royals-dfv3dhA1/#over-under;3
190,https://www.oddsportal.com/baseball/usa/mlb-2015/san-francisco-giants-cincinnati-reds-2XvacYfe/#over-under;3
191,https://www.oddsportal.com/baseball/usa/mlb-2015/miami-marlins-atlanta-braves-lUzebEuk/#over-under;3
192,https://www.oddsportal.com/baseball/usa/mlb-2015/chicago-white-sox-chicago-cubs-ALpL4G2L/#over-under;3
193,https://www.oddsportal.com/baseball/usa/mlb-2015/milwaukee-brewers-arizona-diamondbacks-WUoH5dmF/#over-under;3
194,https://www.oddsportal.com/baseball/usa/mlb-2015/new-york-mets-st-louis-cardinals-l6dC6xY8/#over-under;3
195,https://www.oddsportal.com/baseball/usa/mlb-2015/boston-red-sox-baltimore-orioles-QXAHpeBk/#over-under;3
196,https://www.oddsportal.com/baseball/usa/mlb-2015/detroit-tigers-new-york-yankees-r95MqFQe/#over-under;3
197,https://www.oddsportal.com/baseball/usa/mlb-2015/houston-astros-washington-nationals-z3h87II2/#over-under;3
198,https://www.oddsportal.com/baseball/usa/mlb-2015/tampa-bay-rays-toronto-blue-jays-MT7eiFol/#over-under;3
199,https://www.oddsportal.com/baseball/usa/mlb-2015/seattle-mariners-cleveland-indians-nsCDoydq/#over-under;3
200,https://www.oddsportal.com/baseball/usa/mlb-2015/arizona-diamondbacks-chicago-cubs-U1PojHmS/#over-under;3
201,https://www.oddsportal.com/baseball/usa/mlb-2015/new-york-yankees-philadelphia-phillies-IRLsicYL/#over-under;3
202,https://www.oddsportal.com/baseball/usa/mlb-2015/cincinnati-reds-texas-rangers-z3WxhwJF/#over-under;3
203,https://www.oddsportal.com/baseball/usa/mlb-2015/kansas-city-royals-colorado-rockies-lnUQfuZd/#over-under;3
204,https://www.oddsportal.com/baseball/usa/mlb-2015/los-angeles-dodgers-los-angeles-angels-SxTUgal3/#over-under;3
205,https://www.oddsportal.com/baseball/usa/mlb-2015/milwaukee-brewers-san-francisco-giants-dCXYhJ39/#over-under;3
206,https://www.oddsportal.com/baseball/usa/mlb-2015/toronto-blue-jays-boston-red-sox-8MRKcH8K/#over-under;3
207,https://www.oddsportal.com/baseball/usa/mlb-2015/atlanta-braves-miami-marlins-x808xbJS/#over-under;3
208,https://www.oddsportal.com/baseball/usa/mlb-2015/baltimore-orioles-pittsburgh-pirates-nsjrWedd/#over-under;3
209,https://www.oddsportal.com/baseball/usa/mlb-2015/tampa-bay-rays-minnesota-twins-vHnzYHRq/#over-under;3
210,https://www.oddsportal.com/baseball/usa/mlb-2015/washington-nationals-detroit-tigers-ddqBwv4M/#over-under;3
211,https://www.oddsportal.com/baseball/usa/mlb-2015/atlanta-braves-new-york-yankees-I5p7vKlG/#over-under;3
212,https://www.oddsportal.com/baseball/usa/mlb-2015/pittsburgh-pirates-detroit-tigers-Oro3u0Z9/#over-under;3
213,https://www.oddsportal.com/baseball/usa/mlb-2015/cincinnati-reds-chicago-white-sox-0Aa8JICj/#over-under;3
214,https://www.oddsportal.com/baseball/usa/mlb-2015/kansas-city-royals-milwaukee-brewers-lQhjr2ki/#over-under;3
215,https://www.oddsportal.com/baseball/usa/mlb-2015/los-angeles-dodgers-chicago-cubs-MJ04Kbcp/#over-under;3
216,https://www.oddsportal.com/baseball/usa/mlb-2015/seattle-mariners-oakland-athletics-SGifsM4c/#over-under;3
217,https://www.oddsportal.com/baseball/usa/mlb-2015/toronto-blue-jays-tampa-bay-rays-GSvZZDGD/#over-under;3
218,https://www.oddsportal.com/baseball/usa/mlb-2015/miami-marlins-washington-nationals-tMnzxRSH/#over-under;3
219,https://www.oddsportal.com/baseball/usa/mlb-2015/new-york-yankees-toronto-blue-jays-zJWQyzn1/#over-under;3
220,https://www.oddsportal.com/baseball/usa/mlb-2015/colorado-rockies-los-angeles-angels-lEUSwmb5/#over-under;3
221,https://www.oddsportal.com/baseball/usa/mlb-2015/chicago-cubs-kansas-city-royals-QBHxTVqm/#over-under;3
222,https://www.oddsportal.com/baseball/usa/mlb-2015/chicago-white-sox-seattle-mariners-ANVOvTra/#over-under;3
223,https://www.oddsportal.com/baseball/usa/mlb-2015/cleveland-indians-cincinnati-reds-KYxCsVbt/#over-under;3
224,https://www.oddsportal.com/baseball/usa/mlb-2015/san-francisco-giants-arizona-diamondbacks-rDopnBjP/#over-under;3
225,https://www.oddsportal.com/baseball/usa/mlb-2015/texas-rangers-los-angeles-dodgers-EexGtkEn/#over-under;3
226,https://www.oddsportal.com/baseball/usa/mlb-2015/baltimore-orioles-minnesota-twins-fi9gPmqC/#over-under;3
227,https://www.oddsportal.com/baseball/usa/mlb-2015/boston-red-sox-atlanta-braves-YyLpR9Ea/#over-under;3
228,https://www.oddsportal.com/baseball/usa/mlb-2015/detroit-tigers-washington-nationals-t871NRDO/#over-under;3
229,https://www.oddsportal.com/baseball/usa/mlb-2015/philadelphia-phillies-tampa-bay-rays-2H8cO7bI/#over-under;3
230,https://www.oddsportal.com/baseball/usa/mlb-2015/pittsburgh-pirates-houston-astros-G0AkQTT5/#over-under;3
231,https://www.oddsportal.com/baseball/usa/mlb-2015/arizona-diamondbacks-chicago-white-sox-6Rz6YiMP/#over-under;3
232,https://www.oddsportal.com/baseball/usa/mlb-2015/los-angeles-angels-texas-rangers-nLIYTBUt/#over-under;3
233,https://www.oddsportal.com/baseball/usa/mlb-2015/cincinnati-reds-san-francisco-giants-Szx2ZX6J/#over-under;3
234,https://www.oddsportal.com/baseball/usa/mlb-2015/kansas-city-royals-cleveland-indians-2cpGBUEC/#over-under;3
235,https://www.oddsportal.com/baseball/usa/mlb-2015/los-angeles-dodgers-oakland-athletics-EXmKAlUI/#over-under;3
236,https://www.oddsportal.com/baseball/usa/mlb-2015/san-diego-padres-chicago-cubs-KYfBCAa6/#over-under;3
237,https://www.oddsportal.com/baseball/usa/mlb-2015/boston-red-sox-new-york-mets-trd7Djp0/#over-under;3
238,https://www.oddsportal.com/baseball/usa/mlb-2015/philadelphia-phillies-baltimore-orioles-YHhaFCFm/#over-under;3
239,https://www.oddsportal.com/baseball/usa/mlb-2015/st-louis-cardinals-detroit-tigers-C8i3EWUg/#over-under;3
240,https://www.oddsportal.com/baseball/usa/mlb-2015/san-francisco-giants-arizona-diamondbacks-EXBSKYiQ/#over-under;3
241,https://www.oddsportal.com/baseball/usa/mlb-2015/colorado-rockies-kansas-city-royals-KACOLExK/#over-under;3
242,https://www.oddsportal.com/baseball/usa/mlb-2015/chicago-cubs-cincinnati-reds-KzWnQ8C8/#over-under;3
243,https://www.oddsportal.com/baseball/usa/mlb-2015/chicago-white-sox-los-angeles-angels-Kz8vGOl1/#over-under;3
244,https://www.oddsportal.com/baseball/usa/mlb-2015/cleveland-indians-san-diego-padres-tKDKMfND/#over-under;3
245,https://www.oddsportal.com/baseball/usa/mlb-2015/seattle-mariners-los-angeles-dodgers-Ec7rFr47/#over-under;3
246,https://www.oddsportal.com/baseball/usa/mlb-2015/houston-astros-washington-nationals-6X3zH4Zf/#over-under;3
247,https://www.oddsportal.com/baseball/usa/mlb-2015/miami-marlins-detroit-tigers-hQNaN6dR/#over-under;3
248,https://www.oddsportal.com/baseball/usa/mlb-2015/minnesota-twins-st-louis-cardinals-O8EVHpKl/#over-under;3
249,https://www.oddsportal.com/baseball/usa/mlb-2015/pittsburgh-pirates-baltimore-orioles-WAZjPSRE/#over-under;3
250,https://www.oddsportal.com/baseball/usa/mlb-2015/tampa-bay-rays-new-york-mets-pIFRIQ4r/#over-under;3
251,https://www.oddsportal.com/baseball/usa/mlb-2015/atlanta-braves-houston-astros-6Xs51PZ7/#over-under;3
252,https://www.oddsportal.com/baseball/usa/mlb-2015/cincinnati-reds-colorado-rockies-xhjl57zq/#over-under;3
253,https://www.oddsportal.com/baseball/usa/mlb-2015/los-angeles-dodgers-cleveland-indians-QFNKMZ5G/#over-under;3
254,https://www.oddsportal.com/baseball/usa/mlb-2015/san-diego-padres-texas-rangers-A5ld3o5e/#over-under;3
255,https://www.oddsportal.com/baseball/usa/mlb-2015/baltimore-orioles-tampa-bay-rays-riYFNFjA/#over-under;3
256,https://www.oddsportal.com/baseball/usa/mlb-2015/boston-red-sox-pittsburgh-pirates-40ZBOey4/#over-under;3
257,https://www.oddsportal.com/baseball/usa/mlb-2015/st-louis-cardinals-minnesota-twins-dzz8PyMc/#over-under;3
258,https://www.oddsportal.com/baseball/usa/mlb-2015/los-angeles-dodgers-cincinnati-reds-pd6k7f6T/#over-under;3
259,https://www.oddsportal.com/baseball/usa/mlb-2015/boston-red-sox-new-york-yankees-657o8ziN/#over-under;3
260,https://www.oddsportal.com/baseball/usa/mlb-2015/colorado-rockies-chicago-white-sox-AwExAdMA/#over-under;3
261,https://www.oddsportal.com/baseball/usa/mlb-2015/los-angeles-angels-san-diego-padres-lUCt9GyH/#over-under;3
262,https://www.oddsportal.com/baseball/usa/mlb-2015/san-francisco-giants-texas-rangers-GGEYAx74/#over-under;3
263,https://www.oddsportal.com/baseball/usa/mlb-2015/seattle-mariners-milwaukee-brewers-z76QCbxh/#over-under;3
264,https://www.oddsportal.com/baseball/usa/mlb-2015/toronto-blue-jays-baltimore-orioles-Ob9aZtQ2/#over-under;3
265,https://www.oddsportal.com/baseball/usa/mlb-2015/miami-marlins-st-louis-cardinals-80Evkepo/#over-under;3
266,https://www.oddsportal.com/baseball/usa/mlb-2015/philadelphia-phillies-tampa-bay-rays-dG7MDvNo/#over-under;3
267,https://www.oddsportal.com/baseball/usa/mlb-2015/pittsburgh-pirates-minnesota-twins-6iSCgyxU/#over-under;3
268,https://www.oddsportal.com/baseball/usa/mlb-2015/washington-nationals-houston-astros-APY3ec7H/#over-under;3
269,https://www.oddsportal.com/baseball/usa/mlb-2015/san-diego-padres-los-angeles-dodgers-AqHn11wt/#over-under;3
270,https://www.oddsportal.com/baseball/usa/mlb-2015/new-york-yankees-atlanta-braves-xCzdcJx5/#over-under;3
271,https://www.oddsportal.com/baseball/usa/mlb-2015/arizona-diamondbacks-cincinnati-reds-d0JbbaNb/#over-under;3
272,https://www.oddsportal.com/baseball/usa/mlb-2015/los-angeles-angels-chicago-cubs-I9Kfau8h/#over-under;3
273,https://www.oddsportal.com/baseball/usa/mlb-2015/cleveland-indians-kansas-city-royals-pMkttI7U/#over-under;3
274,https://www.oddsportal.com/baseball/usa/mlb-2015/milwaukee-brewers-colorado-rockies-6VjxsbhO/#over-under;3
275,https://www.oddsportal.com/baseball/usa/mlb-2015/oakland-athletics-seattle-mariners-OnLj0Lhn/#over-under;3
276,https://www.oddsportal.com/baseball/usa/mlb-2015/new-york-mets-washington-nationals-b5mUrKNB/#over-under;3
277,https://www.oddsportal.com/baseball/usa/mlb-2015/minnesota-twins-miami-marlins-GtbPq085/#over-under;3
278,https://www.oddsportal.com/baseball/usa/mlb-2015/pittsburgh-pirates-boston-red-sox-AqeHoMwg/#over-under;3
279,https://www.oddsportal.com/baseball/usa/mlb-2015/st-louis-cardinals-baltimore-orioles-WhdDn2On/#over-under;3
280,https://www.oddsportal.com/baseball/usa/mlb-2015/tampa-bay-rays-toronto-blue-jays-ETR8CJIk/#over-under;3
281,https://www.oddsportal.com/baseball/usa/mlb-2015/arizona-diamondbacks-los-angeles-angels-EH18mr9t/#over-under;3
282,https://www.oddsportal.com/baseball/usa/mlb-2015/chicago-cubs-los-angeles-dodgers-O65bhXf8/#over-under;3
283,https://www.oddsportal.com/baseball/usa/mlb-2015/chicago-white-sox-texas-rangers-C8FthO0P/#over-under;3
284,https://www.oddsportal.com/baseball/usa/mlb-2015/cincinnati-reds-kansas-city-royals-p2NfUK8I/#over-under;3
285,https://www.oddsportal.com/baseball/usa/mlb-2015/oakland-athletics-cleveland-indians-OnZoWtv6/#over-under;3
286,https://www.oddsportal.com/baseball/usa/mlb-2015/san-francisco-giants-milwaukee-brewers-b5RbTvOO/#over-under;3
287,https://www.oddsportal.com/baseball/usa/mlb-2015/seattle-mariners-colorado-rockies-2wYkV0gC/#over-under;3
288,https://www.oddsportal.com/baseball/usa/mlb-2015/baltimore-orioles-toronto-blue-jays-4fxZILuM/#over-under;3
289,https://www.oddsportal.com/baseball/usa/mlb-2015/minnesota-twins-tampa-bay-rays-UBKrXMOa/#over-under;3
290,https://www.oddsportal.com/baseball/usa/mlb-2015/washington-nationals-detroit-tigers-nkMFTmI7/#over-under;3
291,https://www.oddsportal.com/baseball/usa/mlb-2015/atlanta-braves-st-louis-cardinals-jLLvY29g/#over-under;3
292,https://www.oddsportal.com/baseball/usa/mlb-2015/miami-marlins-new-york-mets-fgSVZOvs/#over-under;3
293,https://www.oddsportal.com/baseball/usa/mlb-2015/new-york-yankees-boston-red-sox-2c42iiAE/#over-under;3
294,https://www.oddsportal.com/baseball/usa/mlb-2015/philadelphia-phillies-pittsburgh-pirates-8dWZYrfm/#over-under;3
295,https://www.oddsportal.com/baseball/usa/mlb-2015/los-angeles-angels-texas-rangers-8bNBUT21/#over-under;3
296,https://www.oddsportal.com/baseball/usa/mlb-2015/cleveland-indians-chicago-cubs-lfvTxheL/#over-under;3
297,https://www.oddsportal.com/baseball/usa/mlb-2015/kansas-city-royals-chicago-white-sox-ITrXyCAR/#over-under;3
298,https://www.oddsportal.com/baseball/usa/mlb-2015/milwaukee-brewers-cincinnati-reds-KxVbXVIr/#over-under;3
299,https://www.oddsportal.com/baseball/usa/mlb-2015/oakland-athletics-arizona-diamondbacks-A3uPwYuF/#over-under;3
300,https://www.oddsportal.com/baseball/usa/mlb-2015/san-diego-padres-san-francisco-giants-EyO7V9me/#over-under;3
301,https://www.oddsportal.com/baseball/usa/mlb-2015/toronto-blue-jays-minnesota-twins-rulQKsB9/#over-under;3
302,https://www.oddsportal.com/baseball/usa/mlb-2015/atlanta-braves-new-york-mets-tWsXIW3k/#over-under;3
303,https://www.oddsportal.com/baseball/usa/mlb-2015/baltimore-orioles-new-york-yankees-MsaUHjJe/#over-under;3
304,https://www.oddsportal.com/baseball/usa/mlb-2015/houston-astros-st-louis-cardinals-EynGufB2/#over-under;3
305,https://www.oddsportal.com/baseball/usa/mlb-2015/miami-marlins-washington-nationals-SvjKvEQ8/#over-under;3
306,https://www.oddsportal.com/baseball/usa/mlb-2015/philadelphia-phillies-detroit-tigers-2uqTJClq/#over-under;3
307,https://www.oddsportal.com/baseball/usa/mlb-2015/chicago-cubs-san-diego-padres-dvOjGIQg/#over-under;3
308,https://www.oddsportal.com/baseball/usa/mlb-2015/chicago-white-sox-arizona-diamondbacks-tU8H30bo/#over-under;3
309,https://www.oddsportal.com/baseball/usa/mlb-2015/milwaukee-brewers-kansas-city-royals-nRBP1vTc/#over-under;3
310,https://www.oddsportal.com/baseball/usa/mlb-2015/san-francisco-giants-los-angeles-dodgers-rg5YaIcA/#over-under;3
311,https://www.oddsportal.com/baseball/usa/mlb-2015/seattle-mariners-cleveland-indians-h4CL2KDi/#over-under;3
312,https://www.oddsportal.com/baseball/usa/mlb-2015/texas-rangers-oakland-athletics-Mq4xaxDG/#over-under;3
313,https://www.oddsportal.com/baseball/usa/mlb-2015/new-york-mets-miami-marlins-xdrye8fo/#over-under;3
314,https://www.oddsportal.com/baseball/usa/mlb-2015/baltimore-orioles-philadelphia-phillies-WdG3DGAC/#over-under;3
315,https://www.oddsportal.com/baseball/usa/mlb-2015/new-york-yankees-tampa-bay-rays-0WK7CzQI/#over-under;3
316,https://www.oddsportal.com/baseball/usa/mlb-2015/pittsburgh-pirates-minnesota-twins-h6HaEde6/#over-under;3
317,https://www.oddsportal.com/baseball/usa/mlb-2015/st-louis-cardinals-boston-red-sox-AsSfFxt0/#over-under;3
318,https://www.oddsportal.com/baseball/usa/mlb-2015/washington-nationals-atlanta-braves-2HOnHbBm/#over-under;3
319,https://www.oddsportal.com/baseball/usa/mlb-2015/los-angeles-angels-kansas-city-royals-OQPrIvds/#over-under;3
320,https://www.oddsportal.com/baseball/usa/mlb-2015/cincinnati-reds-seattle-mariners-Yo6OMKmQ/#over-under;3
321,https://www.oddsportal.com/baseball/usa/mlb-2015/los-angeles-dodgers-milwaukee-brewers-fe7KN0YJ/#over-under;3
322,https://www.oddsportal.com/baseball/usa/mlb-2015/oakland-athletics-chicago-white-sox-SlFYactD/#over-under;3
323,https://www.oddsportal.com/baseball/usa/mlb-2015/san-diego-padres-colorado-rockies-thJxaHeJ/#over-under;3
324,https://www.oddsportal.com/baseball/usa/mlb-2015/new-york-mets-boston-red-sox-6ZQP1JB0/#over-under;3
325,https://www.oddsportal.com/baseball/usa/mlb-2015/toronto-blue-jays-pittsburgh-pirates-0CMc4Xld/#over-under;3
326,https://www.oddsportal.com/baseball/usa/mlb-2015/minnesota-twins-baltimore-orioles-thso91JQ/#over-under;3
327,https://www.oddsportal.com/baseball/usa/mlb-2015/new-york-yankees-washington-nationals-x0ML2adf/#over-under;3
328,https://www.oddsportal.com/baseball/usa/mlb-2015/st-louis-cardinals-miami-marlins-GpYC4LRs/#over-under;3
329,https://www.oddsportal.com/baseball/usa/mlb-2015/tampa-bay-rays-philadelphia-phillies-b9NH3usl/#over-under;3
330,https://www.oddsportal.com/baseball/usa/mlb-2015/colorado-rockies-chicago-cubs-WMafnvCD/#over-under;3
331,https://www.oddsportal.com/baseball/usa/mlb-2015/cleveland-indians-los-angeles-dodgers-p6crktSf/#over-under;3
332,https://www.oddsportal.com/baseball/usa/mlb-2015/kansas-city-royals-cincinnati-reds-Oj9Zj2cr/#over-under;3
333,https://www.oddsportal.com/baseball/usa/mlb-2015/milwaukee-brewers-texas-rangers-hW0jmKd7/#over-under;3
334,https://www.oddsportal.com/baseball/usa/mlb-2015/oakland-athletics-los-angeles-angels-2s8wjMCl/#over-under;3
335,https://www.oddsportal.com/baseball/usa/mlb-2015/san-francisco-giants-san-diego-padres-b91nl0s1/#over-under;3
336,https://www.oddsportal.com/baseball/usa/mlb-2015/new-york-mets-atlanta-braves-6eIOAZBS/#over-under;3
337,https://www.oddsportal.com/baseball/usa/mlb-2015/atlanta-braves-detroit-tigers-4ntDZ0S7/#over-under;3
338,https://www.oddsportal.com/baseball/usa/mlb-2015/baltimore-orioles-boston-red-sox-Qes9zsD1/#over-under;3
339,https://www.oddsportal.com/baseball/usa/mlb-2015/houston-astros-new-york-yankees-WhYbc4KE/#over-under;3
340,https://www.oddsportal.com/baseball/usa/mlb-2015/washington-nationals-st-louis-cardinals-8Kn4yNce/#over-under;3
341,https://www.oddsportal.com/baseball/usa/mlb-2015/philadelphia-phillies-toronto-blue-jays-lKNJBFdM/#over-under;3
342,https://www.oddsportal.com/baseball/usa/mlb-2015/pittsburgh-pirates-tampa-bay-rays-EHN3dOZK/#over-under;3
343,https://www.oddsportal.com/baseball/usa/mlb-2015/new-york-yankees-pittsburgh-pirates-G6PBDyS9/#over-under;3
344,https://www.oddsportal.com/baseball/usa/mlb-2015/arizona-diamondbacks-oakland-athletics-UTm0x3rk/#over-under;3
345,https://www.oddsportal.com/baseball/usa/mlb-2015/los-angeles-angels-colorado-rockies-z7ldwqTr/#over-under;3
346,https://www.oddsportal.com/baseball/usa/mlb-2015/chicago-cubs-cincinnati-reds-vRVhrYEA/#over-under;3
347,https://www.oddsportal.com/baseball/usa/mlb-2015/cleveland-indians-kansas-city-royals-hlfMqojF/#over-under;3
348,https://www.oddsportal.com/baseball/usa/mlb-2015/san-diego-padres-chicago-white-sox-OEkIpRz9/#over-under;3
349,https://www.oddsportal.com/baseball/usa/mlb-2015/texas-rangers-san-francisco-giants-E3rVsPKR/#over-under;3
350,https://www.oddsportal.com/baseball/usa/mlb-2015/new-york-mets-detroit-tigers-pOjEo7L2/#over-under;3
351,https://www.oddsportal.com/baseball/usa/mlb-2015/toronto-blue-jays-baltimore-orioles-KvW2Fccc/#over-under;3
352,https://www.oddsportal.com/baseball/usa/mlb-2015/atlanta-braves-washington-nationals-rJCVMNr2/#over-under;3
353,https://www.oddsportal.com/baseball/usa/mlb-2015/boston-red-sox-miami-marlins-d2AJPPbq/#over-under;3
354,https://www.oddsportal.com/baseball/usa/mlb-2015/philadelphia-phillies-new-york-yankees-UF8RN3Te/#over-under;3
355,https://www.oddsportal.com/baseball/usa/mlb-2015/st-louis-cardinals-houston-astros-IHUdshUG/#over-under;3
356,https://www.oddsportal.com/baseball/usa/mlb-2015/tampa-bay-rays-minnesota-twins-zg9NOqEk/#over-under;3
357,https://www.oddsportal.com/baseball/usa/mlb-2015/minnesota-twins-boston-red-sox-p4WlqEa4/#over-under;3
358,https://www.oddsportal.com/baseball/usa/mlb-2015/washington-nationals-new-york-mets-lIAfZxWu/#over-under;3
359,https://www.oddsportal.com/baseball/usa/mlb-2015/arizona-diamondbacks-colorado-rockies-lxwtozVi/#over-under;3
360,https://www.oddsportal.com/baseball/usa/mlb-2015/chicago-white-sox-los-angeles-dodgers-KMbSRCUT/#over-under;3
361,https://www.oddsportal.com/baseball/usa/mlb-2015/cincinnati-reds-cleveland-indians-xb9NShFN/#over-under;3
362,https://www.oddsportal.com/baseball/usa/mlb-2015/kansas-city-royals-texas-rangers-AovxnGFo/#over-under;3
363,https://www.oddsportal.com/baseball/usa/mlb-2015/los-angeles-angels-milwaukee-brewers-W0Sppfpb/#over-under;3
364,https://www.oddsportal.com/baseball/usa/mlb-2015/seattle-mariners-san-diego-padres-MVpfNWxo/#over-under;3
365,https://www.oddsportal.com/baseball/usa/mlb-2015/detroit-tigers-atlanta-braves-drE2XG0h/#over-under;3
366,https://www.oddsportal.com/baseball/usa/mlb-2015/houston-astros-philadelphia-phillies-W06FUEpB/#over-under;3
367,https://www.oddsportal.com/baseball/usa/mlb-2015/miami-marlins-st-louis-cardinals-QN5JTYaH/#over-under;3
368,https://www.oddsportal.com/baseball/usa/mlb-2015/pittsburgh-pirates-new-york-yankees-hA7BVfV4/#over-under;3
369,https://www.oddsportal.com/baseball/usa/mlb-2015/colorado-rockies-arizona-diamondbacks-p4ppFZpO/#over-under;3
370,https://www.oddsportal.com/baseball/usa/mlb-2015/cleveland-indians-cincinnati-reds-MmvQJcWh/#over-under;3
371,https://www.oddsportal.com/baseball/usa/mlb-2015/los-angeles-dodgers-chicago-white-sox-rcuMKwHn/#over-under;3
372,https://www.oddsportal.com/baseball/usa/mlb-2015/san-francisco-giants-oakland-athletics-UDsYHy15/#over-under;3
373,https://www.oddsportal.com/baseball/usa/mlb-2015/seattle-mariners-san-diego-padres-CxXxHeGB/#over-under;3
374,https://www.oddsportal.com/baseball/usa/mlb-2015/texas-rangers-kansas-city-royals-GAwUIHoa/#over-under;3
375,https://www.oddsportal.com/baseball/usa/mlb-2015/atlanta-braves-new-york-mets-OCbkQagP/#over-under;3
376,https://www.oddsportal.com/baseball/usa/mlb-2015/baltimore-orioles-detroit-tigers-A9A71GGO/#over-under;3
377,https://www.oddsportal.com/baseball/usa/mlb-2015/new-york-yankees-philadelphia-phillies-QLpHLJ1t/#over-under;3
378,https://www.oddsportal.com/baseball/usa/mlb-2015/pittsburgh-pirates-toronto-blue-jays-zipDhzjp/#over-under;3
379,https://www.oddsportal.com/baseball/usa/mlb-2015/cincinnati-reds-cleveland-indians-xKIf4IW5/#over-under;3
380,https://www.oddsportal.com/baseball/usa/mlb-2015/oakland-athletics-san-francisco-giants-GAHb3xnC/#over-under;3
381,https://www.oddsportal.com/baseball/usa/mlb-2015/toronto-blue-jays-pittsburgh-pirates-U97pcGsT/#over-under;3
382,https://www.oddsportal.com/baseball/usa/mlb-2015/detroit-tigers-baltimore-orioles-YRLw80Xt/#over-under;3
383,https://www.oddsportal.com/baseball/usa/mlb-2015/philadelphia-phillies-new-york-yankees-nVPs7Knm/#over-under;3
