﻿,0
0,https://www.oddsportal.com/baseball/usa/mlb-2018/pittsburgh-pirates-detroit-tigers-04tVO50i/#over-under;3
1,https://www.oddsportal.com/baseball/usa/mlb-2018/washington-nationals-minnesota-twins-Ugefehsk/#over-under;3
2,https://www.oddsportal.com/baseball/usa/mlb-2018/colorado-rockies-seattle-mariners-rcabfCde/#over-under;3
3,https://www.oddsportal.com/baseball/usa/mlb-2018/texas-rangers-cincinnati-reds-YN9O0EJR/#over-under;3
4,https://www.oddsportal.com/baseball/usa/mlb-2018/tampa-bay-rays-detroit-tigers-6ejF4dK2/#over-under;3
5,https://www.oddsportal.com/baseball/usa/mlb-2018/arizona-diamondbacks-cleveland-indians-dQ8OsZCk/#over-under;3
6,https://www.oddsportal.com/baseball/usa/mlb-2018/houston-astros-milwaukee-brewers-tfGtjc59/#over-under;3
7,https://www.oddsportal.com/baseball/usa/mlb-2018/el-paso-chihuahuas-san-diego-padres-IZ9KrFcq/#over-under;3
8,https://www.oddsportal.com/baseball/usa/mlb-2018/san-diego-padres-seattle-mariners-nXf7ybjG/#over-under;3
9,https://www.oddsportal.com/baseball/usa/mlb-2018/cleveland-indians-cincinnati-reds-j51bwKL3/#over-under;3
10,https://www.oddsportal.com/baseball/usa/mlb-2018/toronto-blue-jays-pittsburgh-pirates-M9BWHRBG/#over-under;3
11,https://www.oddsportal.com/baseball/usa/mlb-2018/seattle-mariners-chicago-cubs-CEtPOK6A/#over-under;3
12,https://www.oddsportal.com/baseball/usa/mlb-2018/sacramento-river-cats-san-francisco-giants-8Mq8S27o/#over-under;3
13,https://www.oddsportal.com/baseball/usa/mlb-2018/baltimore-orioles-minnesota-twins-ruxLP0i4/#over-under;3
14,https://www.oddsportal.com/baseball/usa/mlb-2018/los-angeles-angels-arizona-diamondbacks-4lwHQtxb/#over-under;3
15,https://www.oddsportal.com/baseball/usa/mlb-2018/cincinnati-reds-san-diego-padres-MPmCRMMi/#over-under;3
16,https://www.oddsportal.com/baseball/usa/mlb-2018/oakland-athletics-milwaukee-brewers-fJeQ3JUp/#over-under;3
17,https://www.oddsportal.com/baseball/usa/mlb-2018/texas-rangers-cleveland-indians-IgYdLo0I/#over-under;3
18,https://www.oddsportal.com/baseball/usa/mlb-2018/detroit-tigers-philadelphia-phillies-IJ3hOmGa/#over-under;3
19,https://www.oddsportal.com/baseball/usa/mlb-2018/washington-nationals-miami-marlins-j9JDVVNP/#over-under;3
20,https://www.oddsportal.com/baseball/usa/mlb-2018/cleveland-indians-arizona-diamondbacks-ADtR7SVI/#over-under;3
21,https://www.oddsportal.com/baseball/usa/mlb-2018/miami-marlins-washington-nationals-bwwN88GC/#over-under;3
22,https://www.oddsportal.com/baseball/usa/mlb-2018/chicago-cubs-milwaukee-brewers-Uco6CjHm/#over-under;3
23,https://www.oddsportal.com/baseball/usa/mlb-2018/chicago-white-sox-seattle-mariners-8lpABAWg/#over-under;3
24,https://www.oddsportal.com/baseball/usa/mlb-2018/minnesota-twins-houston-astros-W2JudVW6/#over-under;3
25,https://www.oddsportal.com/baseball/usa/mlb-2018/pittsburgh-pirates-toronto-blue-jays-2qw3KaGH/#over-under;3
26,https://www.oddsportal.com/baseball/usa/mlb-2018/baltimore-orioles-boston-red-sox-tdJL6RTR/#over-under;3
27,https://www.oddsportal.com/baseball/usa/mlb-2018/houston-astros-miami-marlins-0t0h15ik/#over-under;3
28,https://www.oddsportal.com/baseball/usa/mlb-2018/st-louis-cardinals-atlanta-braves-IHAm2oxq/#over-under;3
29,https://www.oddsportal.com/baseball/usa/mlb-2018/colorado-rockies-milwaukee-brewers-jiMpnZoo/#over-under;3
30,https://www.oddsportal.com/baseball/usa/mlb-2018/oakland-athletics-los-angeles-dodgers-tIWAhy9H/#over-under;3
31,https://www.oddsportal.com/baseball/usa/mlb-2018/boston-red-sox-pittsburgh-pirates-bgs6gHgB/#over-under;3
32,https://www.oddsportal.com/baseball/usa/mlb-2018/detroit-tigers-new-york-yankees-K2r2fcv5/#over-under;3
33,https://www.oddsportal.com/baseball/usa/mlb-2018/st-louis-cardinals-new-york-mets-nyVfdJ9h/#over-under;3
34,https://www.oddsportal.com/baseball/usa/mlb-2018/washington-nationals-miami-marlins-QRTbewPb/#over-under;3
35,https://www.oddsportal.com/baseball/usa/mlb-2018/los-angeles-angels-seattle-mariners-j9ynbuut/#over-under;3
36,https://www.oddsportal.com/baseball/usa/mlb-2018/cincinnati-reds-chicago-cubs-zc1xvxfO/#over-under;3
37,https://www.oddsportal.com/baseball/usa/mlb-2018/new-york-yankees-tampa-bay-rays-IL6XvIvI/#over-under;3
38,https://www.oddsportal.com/baseball/usa/mlb-2018/san-francisco-giants-cleveland-indians-p88PtvA5/#over-under;3
39,https://www.oddsportal.com/baseball/usa/mlb-2018/atlanta-braves-toronto-blue-jays-judsPN1n/#over-under;3
40,https://www.oddsportal.com/baseball/usa/mlb-2018/boston-red-sox-philadelphia-phillies-YX4LsKfa/#over-under;3
41,https://www.oddsportal.com/baseball/usa/mlb-2018/detroit-tigers-baltimore-orioles-rqC8pMAt/#over-under;3
42,https://www.oddsportal.com/baseball/usa/mlb-2018/miami-marlins-washington-nationals-CIGCqtQn/#over-under;3
43,https://www.oddsportal.com/baseball/usa/mlb-2018/colorado-rockies-san-francisco-giants-vVobQIPO/#over-under;3
44,https://www.oddsportal.com/baseball/usa/mlb-2018/oakland-athletics-chicago-white-sox-C2SlU0Qa/#over-under;3
45,https://www.oddsportal.com/baseball/usa/mlb-2018/cincinnati-reds-san-francisco-giants-8GbTOOfh/#over-under;3
46,https://www.oddsportal.com/baseball/usa/mlb-2018/boston-red-sox-minnesota-twins-SQOK7MWB/#over-under;3
47,https://www.oddsportal.com/baseball/usa/mlb-2018/san-diego-padres-kansas-city-royals-r9eaJqCs/#over-under;3
48,https://www.oddsportal.com/baseball/usa/mlb-2018/cincinnati-reds-milwaukee-brewers-6qYVzCsF/#over-under;3
49,https://www.oddsportal.com/baseball/usa/mlb-2018/texas-rangers-seattle-mariners-CMYRyhS8/#over-under;3
50,https://www.oddsportal.com/baseball/usa/mlb-2018/oakland-athletics-seattle-mariners-IaDhNhDF/#over-under;3
51,https://www.oddsportal.com/baseball/usa/mlb-2018/new-york-mets-miami-marlins-YViN7DDS/#over-under;3
52,https://www.oddsportal.com/baseball/usa/mlb-2018/atlanta-braves-detroit-tigers-rsaAAFT9/#over-under;3
53,https://www.oddsportal.com/baseball/usa/mlb-2018/st-louis-cardinals-baltimore-orioles-zHe2Cyac/#over-under;3
54,https://www.oddsportal.com/baseball/usa/mlb-2018/tampa-bay-rays-minnesota-twins-Q5lF9ZrG/#over-under;3
55,https://www.oddsportal.com/baseball/usa/mlb-2018/washington-nationals-houston-astros-Uwe6BeE3/#over-under;3
56,https://www.oddsportal.com/baseball/usa/mlb-2018/atlanta-braves-philadelphia-phillies-W8fXbIUc/#over-under;3
57,https://www.oddsportal.com/baseball/usa/mlb-2018/houston-astros-st-louis-cardinals-vZcucdaA/#over-under;3
58,https://www.oddsportal.com/baseball/usa/mlb-2018/miami-marlins-new-york-mets-O6DtxeNp/#over-under;3
59,https://www.oddsportal.com/baseball/usa/mlb-2018/atlanta-braves-toronto-blue-jays-0dhjhsXO/#over-under;3
60,https://www.oddsportal.com/baseball/usa/mlb-2018/atlanta-braves-philadelphia-phillies-6avH5oW6/#over-under;3
61,https://www.oddsportal.com/baseball/usa/mlb-2018/los-angeles-dodgers-milwaukee-brewers-GGtZD9OQ/#over-under;3
62,https://www.oddsportal.com/baseball/usa/mlb-2018/toronto-blue-jays-boston-red-sox-hWlrf32C/#over-under;3
63,https://www.oddsportal.com/baseball/usa/mlb-2018/baltimore-orioles-philadelphia-phillies-Eujveqm6/#over-under;3
64,https://www.oddsportal.com/baseball/usa/mlb-2018/los-angeles-angels-texas-rangers-pWAZh8n1/#over-under;3
65,https://www.oddsportal.com/baseball/usa/mlb-2018/chicago-white-sox-arizona-diamondbacks-Gf5b1WvL/#over-under;3
66,https://www.oddsportal.com/baseball/usa/mlb-2018/oakland-athletics-chicago-cubs-fo420jfR/#over-under;3
67,https://www.oddsportal.com/baseball/usa/mlb-2018/new-york-mets-houston-astros-MX5f2CPE/#over-under;3
68,https://www.oddsportal.com/baseball/usa/mlb-2018/toronto-blue-jays-pittsburgh-pirates-IDdVd5Ig/#over-under;3
69,https://www.oddsportal.com/baseball/usa/mlb-2018/boston-red-sox-baltimore-orioles-baKatV2e/#over-under;3
70,https://www.oddsportal.com/baseball/usa/mlb-2018/detroit-tigers-atlanta-braves-K8LesBmk/#over-under;3
71,https://www.oddsportal.com/baseball/usa/mlb-2018/miami-marlins-new-york-yankees-6PN7v9X7/#over-under;3
72,https://www.oddsportal.com/baseball/usa/mlb-2018/texas-rangers-oakland-athletics-C2nCkZu9/#over-under;3
73,https://www.oddsportal.com/baseball/usa/mlb-2018/houston-astros-washington-nationals-jDuCe776/#over-under;3
74,https://www.oddsportal.com/baseball/usa/mlb-2018/minnesota-twins-boston-red-sox-xAy8dmh0/#over-under;3
75,https://www.oddsportal.com/baseball/usa/mlb-2018/philadelphia-phillies-tampa-bay-rays-65eMSBYe/#over-under;3
76,https://www.oddsportal.com/baseball/usa/mlb-2018/st-louis-cardinals-miami-marlins-nLreak8s/#over-under;3
77,https://www.oddsportal.com/baseball/usa/mlb-2018/cincinnati-reds-texas-rangers-pCdT3VaQ/#over-under;3
78,https://www.oddsportal.com/baseball/usa/mlb-2018/atlanta-braves-new-york-yankees-vFgL5iVD/#over-under;3
79,https://www.oddsportal.com/baseball/usa/mlb-2018/colorado-rockies-cleveland-indians-xAFxs8hD/#over-under;3
80,https://www.oddsportal.com/baseball/usa/mlb-2018/san-francisco-giants-seattle-mariners-UqCUrUN0/#over-under;3
81,https://www.oddsportal.com/baseball/usa/mlb-2018/toronto-blue-jays-baltimore-orioles-l66rzftM/#over-under;3
82,https://www.oddsportal.com/baseball/usa/mlb-2018/detroit-tigers-new-york-mets-2Vel3b9F/#over-under;3
83,https://www.oddsportal.com/baseball/usa/mlb-2018/miami-marlins-boston-red-sox-IRRq60Pd/#over-under;3
84,https://www.oddsportal.com/baseball/usa/mlb-2018/tampa-bay-rays-minnesota-twins-Ovcp4vf9/#over-under;3
85,https://www.oddsportal.com/baseball/usa/mlb-2018/colorado-rockies-cincinnati-reds-8dpgqwIq/#over-under;3
86,https://www.oddsportal.com/baseball/usa/mlb-2018/chicago-cubs-san-diego-padres-6mbRmJ9S/#over-under;3
87,https://www.oddsportal.com/baseball/usa/mlb-2018/atlanta-braves-houston-astros-hQXLpVyi/#over-under;3
88,https://www.oddsportal.com/baseball/usa/mlb-2018/baltimore-orioles-toronto-blue-jays-hvDZyGB9/#over-under;3
89,https://www.oddsportal.com/baseball/usa/mlb-2018/st-louis-cardinals-miami-marlins-dfnjjiET/#over-under;3
90,https://www.oddsportal.com/baseball/usa/mlb-2018/washington-nationals-new-york-mets-WA32gNui/#over-under;3
91,https://www.oddsportal.com/baseball/usa/mlb-2018/colorado-rockies-texas-rangers-MyfwggUA/#over-under;3
92,https://www.oddsportal.com/baseball/usa/mlb-2018/chicago-white-sox-cincinnati-reds-hd6Qeeph/#over-under;3
93,https://www.oddsportal.com/baseball/usa/mlb-2018/kansas-city-royals-milwaukee-brewers-vg2MdyVo/#over-under;3
94,https://www.oddsportal.com/baseball/usa/mlb-2018/san-francisco-giants-san-diego-padres-zLeVfFab/#over-under;3
95,https://www.oddsportal.com/baseball/usa/mlb-2018/houston-astros-miami-marlins-65X7wEUN/#over-under;3
96,https://www.oddsportal.com/baseball/usa/mlb-2018/st-louis-cardinals-washington-nationals-SEY3vfFH/#over-under;3
97,https://www.oddsportal.com/baseball/usa/mlb-2018/tampa-bay-rays-baltimore-orioles-OtSCxYqU/#over-under;3
98,https://www.oddsportal.com/baseball/usa/mlb-2018/chicago-cubs-los-angeles-dodgers-t4cZOEFU/#over-under;3
99,https://www.oddsportal.com/baseball/usa/mlb-2018/oakland-athletics-texas-rangers-pINqqI0n/#over-under;3
100,https://www.oddsportal.com/baseball/usa/mlb-2018/toronto-blue-jays-atlanta-braves-AeXzHEZq/#over-under;3
101,https://www.oddsportal.com/baseball/usa/mlb-2018/detroit-tigers-new-york-yankees-fmeNRGVB/#over-under;3
102,https://www.oddsportal.com/baseball/usa/mlb-2018/miami-marlins-st-louis-cardinals-EyvQSdG5/#over-under;3
103,https://www.oddsportal.com/baseball/usa/mlb-2018/minnesota-twins-baltimore-orioles-tOuIUIog/#over-under;3
104,https://www.oddsportal.com/baseball/usa/mlb-2018/tampa-bay-rays-boston-red-sox-zouMTx1a/#over-under;3
105,https://www.oddsportal.com/baseball/usa/mlb-2018/san-diego-padres-arizona-diamondbacks-SKyEVbWn/#over-under;3
106,https://www.oddsportal.com/baseball/usa/mlb-2018/colorado-rockies-chicago-cubs-pdn9WvHt/#over-under;3
107,https://www.oddsportal.com/baseball/usa/mlb-2018/los-angeles-dodgers-cleveland-indians-tQWgQ3f7/#over-under;3
108,https://www.oddsportal.com/baseball/usa/mlb-2018/oakland-athletics-chicago-white-sox-KGVcPN9D/#over-under;3
109,https://www.oddsportal.com/baseball/usa/mlb-2018/texas-rangers-san-francisco-giants-b1skRqu1/#over-under;3
110,https://www.oddsportal.com/baseball/usa/mlb-2018/atlanta-braves-pittsburgh-pirates-EDuwUoer/#over-under;3
111,https://www.oddsportal.com/baseball/usa/mlb-2018/arizona-diamondbacks-chicago-cubs-06a2zlIE/#over-under;3
112,https://www.oddsportal.com/baseball/usa/mlb-2018/los-angeles-angels-colorado-rockies-n3ebyU28/#over-under;3
113,https://www.oddsportal.com/baseball/usa/mlb-2018/chicago-white-sox-san-diego-padres-CW38E6ee/#over-under;3
114,https://www.oddsportal.com/baseball/usa/mlb-2018/cincinnati-reds-kansas-city-royals-jHFaGSQr/#over-under;3
115,https://www.oddsportal.com/baseball/usa/mlb-2018/milwaukee-brewers-cleveland-indians-pbHFCpQ7/#over-under;3
116,https://www.oddsportal.com/baseball/usa/mlb-2018/texas-rangers-seattle-mariners-67IBDQA1/#over-under;3
117,https://www.oddsportal.com/baseball/usa/mlb-2018/atlanta-braves-miami-marlins-trQPMUmF/#over-under;3
118,https://www.oddsportal.com/baseball/usa/mlb-2018/seattle-mariners-los-angeles-angels-KxuV0mRe/#over-under;3
119,https://www.oddsportal.com/baseball/usa/mlb-2018/colorado-rockies-milwaukee-brewers-xEkQ1TBk/#over-under;3
120,https://www.oddsportal.com/baseball/usa/mlb-2018/kansas-city-royals-chicago-white-sox-WC6sAi49/#over-under;3
121,https://www.oddsportal.com/baseball/usa/mlb-2018/chicago-cubs-cincinnati-reds-Sv0j8VYL/#over-under;3
122,https://www.oddsportal.com/baseball/usa/mlb-2018/oakland-athletics-san-diego-padres-bNjM29dq/#over-under;3
123,https://www.oddsportal.com/baseball/usa/mlb-2018/toronto-blue-jays-minnesota-twins-W6DjxP5h/#over-under;3
124,https://www.oddsportal.com/baseball/usa/mlb-2018/atlanta-braves-st-louis-cardinals-b72bmUdd/#over-under;3
125,https://www.oddsportal.com/baseball/usa/mlb-2018/detroit-tigers-tampa-bay-rays-xj7wBXl3/#over-under;3
126,https://www.oddsportal.com/baseball/usa/mlb-2018/miami-marlins-new-york-mets-Qg4jkjSq/#over-under;3
127,https://www.oddsportal.com/baseball/usa/mlb-2018/houston-astros-new-york-mets-zuKsvoyt/#over-under;3
128,https://www.oddsportal.com/baseball/usa/mlb-2018/colorado-rockies-arizona-diamondbacks-bqKBdYZ9/#over-under;3
129,https://www.oddsportal.com/baseball/usa/mlb-2018/cleveland-indians-texas-rangers-KhL7cEK3/#over-under;3
130,https://www.oddsportal.com/baseball/usa/mlb-2018/milwaukee-brewers-seattle-mariners-xUV2bf5c/#over-under;3
131,https://www.oddsportal.com/baseball/usa/mlb-2018/san-francisco-giants-cincinnati-reds-QuPHziDj/#over-under;3
132,https://www.oddsportal.com/baseball/usa/mlb-2018/detroit-tigers-miami-marlins-bR8yeLb5/#over-under;3
133,https://www.oddsportal.com/baseball/usa/mlb-2018/minnesota-twins-toronto-blue-jays-bJrxJ15U/#over-under;3
134,https://www.oddsportal.com/baseball/usa/mlb-2018/tampa-bay-rays-philadelphia-phillies-Wv7qgaTH/#over-under;3
135,https://www.oddsportal.com/baseball/usa/mlb-2018/chicago-cubs-colorado-rockies-QDlbs2U5/#over-under;3
136,https://www.oddsportal.com/baseball/usa/mlb-2018/cincinnati-reds-chicago-white-sox-bRn6utaI/#over-under;3
137,https://www.oddsportal.com/baseball/usa/mlb-2018/los-angeles-dodgers-cleveland-indians-44m2tMqC/#over-under;3
138,https://www.oddsportal.com/baseball/usa/mlb-2018/pittsburgh-pirates-toronto-blue-jays-0QTWL3LB/#over-under;3
139,https://www.oddsportal.com/baseball/usa/mlb-2018/tampa-bay-rays-baltimore-orioles-vHGAj67J/#over-under;3
140,https://www.oddsportal.com/baseball/usa/mlb-2018/arizona-diamondbacks-colorado-rockies-CAOOS2FC/#over-under;3
141,https://www.oddsportal.com/baseball/usa/mlb-2018/chicago-cubs-oakland-athletics-GrVFUOp0/#over-under;3
142,https://www.oddsportal.com/baseball/usa/mlb-2018/chicago-white-sox-texas-rangers-MLVBV4Vg/#over-under;3
143,https://www.oddsportal.com/baseball/usa/mlb-2018/kansas-city-royals-cincinnati-reds-UoZJTr06/#over-under;3
144,https://www.oddsportal.com/baseball/usa/mlb-2018/milwaukee-brewers-san-francisco-giants-G80BXQ0s/#over-under;3
145,https://www.oddsportal.com/baseball/usa/mlb-2018/toronto-blue-jays-philadelphia-phillies-h0QONPja/#over-under;3
146,https://www.oddsportal.com/baseball/usa/mlb-2018/atlanta-braves-new-york-mets-21peVzKD/#over-under;3
147,https://www.oddsportal.com/baseball/usa/mlb-2018/boston-red-sox-pittsburgh-pirates-EaEqx7hQ/#over-under;3
148,https://www.oddsportal.com/baseball/usa/mlb-2018/miami-marlins-washington-nationals-KxFuwmwK/#over-under;3
149,https://www.oddsportal.com/baseball/usa/mlb-2018/minnesota-twins-boston-red-sox-WpxGPoMn/#over-under;3
150,https://www.oddsportal.com/baseball/usa/mlb-2018/cleveland-indians-oakland-athletics-YLhvZIKl/#over-under;3
151,https://www.oddsportal.com/baseball/usa/mlb-2018/los-angeles-dodgers-texas-rangers-4628vucR/#over-under;3
152,https://www.oddsportal.com/baseball/usa/mlb-2018/san-francisco-giants-arizona-diamondbacks-8v9at1SE/#over-under;3
153,https://www.oddsportal.com/baseball/usa/mlb-2018/toronto-blue-jays-new-york-yankees-02opV7bP/#over-under;3
154,https://www.oddsportal.com/baseball/usa/mlb-2018/atlanta-braves-pittsburgh-pirates-tST0Lajk/#over-under;3
155,https://www.oddsportal.com/baseball/usa/mlb-2018/boston-red-sox-st-louis-cardinals-KIS4KJ5e/#over-under;3
156,https://www.oddsportal.com/baseball/usa/mlb-2018/tampa-bay-rays-baltimore-orioles-Y1UdMuyq/#over-under;3
157,https://www.oddsportal.com/baseball/usa/mlb-2018/washington-nationals-miami-marlins-2sI9JwL1/#over-under;3
158,https://www.oddsportal.com/baseball/usa/mlb-2018/new-york-yankees-philadelphia-phillies-EDHOvliA/#over-under;3
159,https://www.oddsportal.com/baseball/usa/mlb-2018/chicago-cubs-seattle-mariners-ClXPJnFp/#over-under;3
160,https://www.oddsportal.com/baseball/usa/mlb-2018/chicago-white-sox-oakland-athletics-juWTI6Uj/#over-under;3
161,https://www.oddsportal.com/baseball/usa/mlb-2018/atlanta-braves-washington-nationals-EaxjQlxH/#over-under;3
162,https://www.oddsportal.com/baseball/usa/mlb-2018/minnesota-twins-st-louis-cardinals-z9wnRUMA/#over-under;3
163,https://www.oddsportal.com/baseball/usa/mlb-2018/arizona-diamondbacks-milwaukee-brewers-IDhm6Tpo/#over-under;3
164,https://www.oddsportal.com/baseball/usa/mlb-2018/oakland-athletics-kansas-city-royals-zgkOBkNN/#over-under;3
165,https://www.oddsportal.com/baseball/usa/mlb-2018/texas-rangers-colorado-rockies-d2jKCV7H/#over-under;3
166,https://www.oddsportal.com/baseball/usa/mlb-2018/minnesota-twins-tampa-bay-rays-bmfaHggn/#over-under;3
167,https://www.oddsportal.com/baseball/usa/mlb-2018/washington-nationals-atlanta-braves-raQpbWhO/#over-under;3
168,https://www.oddsportal.com/baseball/usa/mlb-2018/cincinnati-reds-colorado-rockies-KdZP2fvg/#over-under;3
169,https://www.oddsportal.com/baseball/usa/mlb-2018/oakland-athletics-san-diego-padres-OUuH4G9t/#over-under;3
170,https://www.oddsportal.com/baseball/usa/mlb-2018/new-york-mets-st-louis-cardinals-84j8pDOO/#over-under;3
171,https://www.oddsportal.com/baseball/usa/mlb-2018/detroit-tigers-toronto-blue-jays-O6gZC8xs/#over-under;3
172,https://www.oddsportal.com/baseball/usa/mlb-2018/houston-astros-atlanta-braves-vPbilePa/#over-under;3
173,https://www.oddsportal.com/baseball/usa/mlb-2018/miami-marlins-washington-nationals-nk2anZgC/#over-under;3
174,https://www.oddsportal.com/baseball/usa/mlb-2018/pittsburgh-pirates-new-york-yankees-YobemFv6/#over-under;3
175,https://www.oddsportal.com/baseball/usa/mlb-2018/new-york-mets-atlanta-braves-j5cGnrle/#over-under;3
176,https://www.oddsportal.com/baseball/usa/mlb-2018/toronto-blue-jays-philadelphia-phillies-vZH2IUEJ/#over-under;3
177,https://www.oddsportal.com/baseball/usa/mlb-2018/boston-red-sox-minnesota-twins-KGJXf6tF/#over-under;3
178,https://www.oddsportal.com/baseball/usa/mlb-2018/tampa-bay-rays-pittsburgh-pirates-b7IyfQeL/#over-under;3
