﻿,0
0,https://www.oddsportal.com/baseball/usa/mlb-2017/oakland-athletics-houston-astros-AaotT4Rj/#over-under;3
1,https://www.oddsportal.com/baseball/usa/mlb-2017/st-louis-cardinals-milwaukee-brewers-tWcLMZec/#over-under;3
2,https://www.oddsportal.com/baseball/usa/mlb-2017/minnesota-twins-colorado-rockies-vwCCs583/#over-under;3
3,https://www.oddsportal.com/baseball/usa/mlb-2017/st-louis-cardinals-toronto-blue-jays-hz3m6gfJ/#over-under;3
4,https://www.oddsportal.com/baseball/usa/mlb-2017/los-angeles-dodgers-los-angeles-angels-ULeVXWVO/#over-under;3
5,https://www.oddsportal.com/baseball/usa/mlb-2017/miami-marlins-detroit-tigers-6sB5wy2m/#over-under;3
6,https://www.oddsportal.com/baseball/usa/mlb-2017/arizona-diamondbacks-cleveland-indians-fkI8Um2G/#over-under;3
7,https://www.oddsportal.com/baseball/usa/mlb-2017/seattle-mariners-colorado-rockies-d8LVqwPJ/#over-under;3
8,https://www.oddsportal.com/baseball/usa/mlb-2017/milwaukee-brewers-chicago-white-sox-f3smLgnJ/#over-under;3
9,https://www.oddsportal.com/baseball/usa/mlb-2017/miami-marlins-detroit-tigers-8nuyOe20/#over-under;3
10,https://www.oddsportal.com/baseball/usa/mlb-2017/boston-red-sox-washington-nationals-08SOU6JF/#over-under;3
11,https://www.oddsportal.com/baseball/usa/mlb-2017/tampa-bay-rays-minnesota-twins-f9pcCb3l/#over-under;3
12,https://www.oddsportal.com/baseball/usa/mlb-2017/chicago-cubs-oakland-athletics-EiQCX8Zd/#over-under;3
13,https://www.oddsportal.com/baseball/usa/mlb-2017/kansas-city-royals-texas-rangers-OM1fFRJS/#over-under;3
14,https://www.oddsportal.com/baseball/usa/mlb-2017/toronto-blue-jays-new-york-yankees-KlZ74PN0/#over-under;3
15,https://www.oddsportal.com/baseball/usa/mlb-2017/atlanta-braves-new-york-mets-tbCkG74M/#over-under;3
16,https://www.oddsportal.com/baseball/usa/mlb-2017/boston-red-sox-minnesota-twins-YX8sITZ9/#over-under;3
17,https://www.oddsportal.com/baseball/usa/mlb-2017/houston-astros-miami-marlins-x6FYJk5c/#over-under;3
18,https://www.oddsportal.com/baseball/usa/mlb-2017/tampa-bay-rays-baltimore-orioles-fsAwJ9K3/#over-under;3
19,https://www.oddsportal.com/baseball/usa/mlb-2017/st-louis-cardinals-washington-nationals-bFGUKVki/#over-under;3
20,https://www.oddsportal.com/baseball/usa/mlb-2017/new-york-yankees-detroit-tigers-pCSndnDj/#over-under;3
21,https://www.oddsportal.com/baseball/usa/mlb-2017/philadelphia-phillies-toronto-blue-jays-OMua6ogl/#over-under;3
22,https://www.oddsportal.com/baseball/usa/mlb-2017/san-francisco-giants-cincinnati-reds-KfSbxhMH/#over-under;3
23,https://www.oddsportal.com/baseball/usa/mlb-2017/milwaukee-brewers-oakland-athletics-tOa7aOND/#over-under;3
24,https://www.oddsportal.com/baseball/usa/mlb-2017/new-york-yankees-tampa-bay-rays-jZWEgYZf/#over-under;3
25,https://www.oddsportal.com/baseball/usa/mlb-2017/baltimore-orioles-minnesota-twins-rTcV1dSE/#over-under;3
26,https://www.oddsportal.com/baseball/usa/mlb-2017/cleveland-indians-chicago-white-sox-IwSw1jH8/#over-under;3
27,https://www.oddsportal.com/baseball/usa/mlb-2017/chicago-cubs-cleveland-indians-trKiPVOn/#over-under;3
28,https://www.oddsportal.com/baseball/usa/mlb-2017/cincinnati-reds-milwaukee-brewers-l8NaN9ga/#over-under;3
29,https://www.oddsportal.com/baseball/usa/mlb-2017/los-angeles-dodgers-arizona-diamondbacks-bJUnQB9t/#over-under;3
30,https://www.oddsportal.com/baseball/usa/mlb-2017/texas-rangers-san-diego-padres-KYIeOkvg/#over-under;3
31,https://www.oddsportal.com/baseball/usa/mlb-2017/san-francisco-giants-seattle-mariners-GQHQAW9g/#over-under;3
32,https://www.oddsportal.com/baseball/usa/mlb-2017/arizona-diamondbacks-chicago-cubs-OSxnIEHJ/#over-under;3
33,https://www.oddsportal.com/baseball/usa/mlb-2017/cleveland-indians-colorado-rockies-8zR0TyMk/#over-under;3
34,https://www.oddsportal.com/baseball/usa/mlb-2017/oakland-athletics-milwaukee-brewers-MNb3gVvJ/#over-under;3
35,https://www.oddsportal.com/baseball/usa/mlb-2017/boston-red-sox-pittsburgh-pirates-GQeeeiA6/#over-under;3
36,https://www.oddsportal.com/baseball/usa/mlb-2017/st-louis-cardinals-miami-marlins-Kb2ncDuf/#over-under;3
37,https://www.oddsportal.com/baseball/usa/mlb-2017/cincinnati-reds-chicago-cubs-APCC3F2Q/#over-under;3
38,https://www.oddsportal.com/baseball/usa/mlb-2017/chicago-white-sox-oakland-athletics-nor9qfBf/#over-under;3
39,https://www.oddsportal.com/baseball/usa/mlb-2017/kansas-city-royals-san-diego-padres-rDyIsYu7/#over-under;3
40,https://www.oddsportal.com/baseball/usa/mlb-2017/milwaukee-brewers-san-francisco-giants-0lnDrEQ0/#over-under;3
41,https://www.oddsportal.com/baseball/usa/mlb-2017/toronto-blue-jays-detroit-tigers-O2kUYcbS/#over-under;3
42,https://www.oddsportal.com/baseball/usa/mlb-2017/st-louis-cardinals-washington-nationals-EXq1oGtr/#over-under;3
43,https://www.oddsportal.com/baseball/usa/mlb-2017/texas-rangers-chicago-white-sox-2uoNhbl8/#over-under;3
44,https://www.oddsportal.com/baseball/usa/mlb-2017/arizona-diamondbacks-kansas-city-royals-Mq8zVfd1/#over-under;3
45,https://www.oddsportal.com/baseball/usa/mlb-2017/los-angeles-dodgers-milwaukee-brewers-WfFNXdCr/#over-under;3
46,https://www.oddsportal.com/baseball/usa/mlb-2017/san-francisco-giants-san-diego-padres-EJ4SWGRl/#over-under;3
47,https://www.oddsportal.com/baseball/usa/mlb-2017/baltimore-orioles-toronto-blue-jays-QHWQZwqM/#over-under;3
48,https://www.oddsportal.com/baseball/usa/mlb-2017/minnesota-twins-philadelphia-phillies-Qemjj5S9/#over-under;3
49,https://www.oddsportal.com/baseball/usa/mlb-2017/miami-marlins-houston-astros-6gXlhRcc/#over-under;3
50,https://www.oddsportal.com/baseball/usa/mlb-2017/washington-nationals-atlanta-braves-n5lnioD3/#over-under;3
51,https://www.oddsportal.com/baseball/usa/mlb-2017/oakland-athletics-arizona-diamondbacks-Eap3UN5j/#over-under;3
52,https://www.oddsportal.com/baseball/usa/mlb-2017/houston-astros-st-louis-cardinals-0dtaV3jp/#over-under;3
53,https://www.oddsportal.com/baseball/usa/mlb-2017/cleveland-indians-los-angeles-dodgers-21vNXyeo/#over-under;3
54,https://www.oddsportal.com/baseball/usa/mlb-2017/toronto-blue-jays-minnesota-twins-WfXMzKTF/#over-under;3
55,https://www.oddsportal.com/baseball/usa/mlb-2017/atlanta-braves-miami-marlins-tnA3tUbo/#over-under;3
56,https://www.oddsportal.com/baseball/usa/mlb-2017/boston-red-sox-baltimore-orioles-Kx97ulEi/#over-under;3
57,https://www.oddsportal.com/baseball/usa/mlb-2017/detroit-tigers-new-york-mets-Ea8Bv8Tc/#over-under;3
58,https://www.oddsportal.com/baseball/usa/mlb-2017/tampa-bay-rays-pittsburgh-pirates-8b1KxnbA/#over-under;3
59,https://www.oddsportal.com/baseball/usa/mlb-2017/san-francisco-giants-milwaukee-brewers-xxnystYb/#over-under;3
60,https://www.oddsportal.com/baseball/usa/mlb-2017/boston-red-sox-minnesota-twins-n7JEPv3O/#over-under;3
61,https://www.oddsportal.com/baseball/usa/mlb-2017/tampa-bay-rays-philadelphia-phillies-GMcSr23n/#over-under;3
62,https://www.oddsportal.com/baseball/usa/mlb-2017/detroit-tigers-miami-marlins-UVnOFIij/#over-under;3
63,https://www.oddsportal.com/baseball/usa/mlb-2017/minnesota-twins-boston-red-sox-janJHP4m/#over-under;3
64,https://www.oddsportal.com/baseball/usa/mlb-2017/washington-nationals-houston-astros-rF0SDs4C/#over-under;3
65,https://www.oddsportal.com/baseball/usa/mlb-2017/miami-marlins-washington-nationals-Igj8MEjF/#over-under;3
66,https://www.oddsportal.com/baseball/usa/mlb-2017/pittsburgh-pirates-baltimore-orioles-ELqHKhLR/#over-under;3
67,https://www.oddsportal.com/baseball/usa/mlb-2017/tampa-bay-rays-minnesota-twins-ATn0OzM2/#over-under;3
68,https://www.oddsportal.com/baseball/usa/mlb-2017/baltimore-orioles-philadelphia-phillies-M7A91DEk/#over-under;3
69,https://www.oddsportal.com/baseball/usa/mlb-2017/cleveland-indians-oakland-athletics-U1LSQr0i/#over-under;3
70,https://www.oddsportal.com/baseball/usa/mlb-2017/toronto-blue-jays-new-york-yankees-8hKWP2Fc/#over-under;3
71,https://www.oddsportal.com/baseball/usa/mlb-2017/atlanta-braves-detroit-tigers-fiwIBcxc/#over-under;3
72,https://www.oddsportal.com/baseball/usa/mlb-2017/washington-nationals-new-york-mets-jJWQ9y79/#over-under;3
73,https://www.oddsportal.com/baseball/usa/mlb-2017/colorado-rockies-milwaukee-brewers-nkdRlzVq/#over-under;3
74,https://www.oddsportal.com/baseball/usa/mlb-2017/chicago-white-sox-kansas-city-royals-fiHndIxA/#over-under;3
75,https://www.oddsportal.com/baseball/usa/mlb-2017/texas-rangers-cleveland-indians-tlDrcbN3/#over-under;3
76,https://www.oddsportal.com/baseball/usa/mlb-2017/houston-astros-washington-nationals-MXg0zyGj/#over-under;3
77,https://www.oddsportal.com/baseball/usa/mlb-2017/miami-marlins-new-york-mets-nRDvbv8c/#over-under;3
78,https://www.oddsportal.com/baseball/usa/mlb-2017/tampa-bay-rays-boston-red-sox-rsedyH0p/#over-under;3
79,https://www.oddsportal.com/baseball/usa/mlb-2017/chicago-cubs-milwaukee-brewers-0fN4o1Oi/#over-under;3
80,https://www.oddsportal.com/baseball/usa/mlb-2017/cleveland-indians-san-francisco-giants-M9BDqug4/#over-under;3
81,https://www.oddsportal.com/baseball/usa/mlb-2017/los-angeles-dodgers-cincinnati-reds-zHVINcWp/#over-under;3
82,https://www.oddsportal.com/baseball/usa/mlb-2017/oakland-athletics-colorado-rockies-lKJ0ns9o/#over-under;3
83,https://www.oddsportal.com/baseball/usa/mlb-2017/boston-red-sox-toronto-blue-jays-Egwt3u8p/#over-under;3
84,https://www.oddsportal.com/baseball/usa/mlb-2017/houston-astros-new-york-mets-tGDpt6nC/#over-under;3
85,https://www.oddsportal.com/baseball/usa/mlb-2017/miami-marlins-detroit-tigers-82FxrSHa/#over-under;3
86,https://www.oddsportal.com/baseball/usa/mlb-2017/texas-rangers-san-francisco-giants-faBYr82g/#over-under;3
87,https://www.oddsportal.com/baseball/usa/mlb-2017/new-york-mets-miami-marlins-Euf3TS26/#over-under;3
88,https://www.oddsportal.com/baseball/usa/mlb-2017/atlanta-braves-pittsburgh-pirates-ID0fVlYg/#over-under;3
89,https://www.oddsportal.com/baseball/usa/mlb-2017/san-francisco-giants-arizona-diamondbacks-Iuc9XJsJ/#over-under;3
90,https://www.oddsportal.com/baseball/usa/mlb-2017/philadelphia-phillies-boston-red-sox-A96lxrTm/#over-under;3
91,https://www.oddsportal.com/baseball/usa/mlb-2017/detroit-tigers-new-york-mets-hYBqwODs/#over-under;3
92,https://www.oddsportal.com/baseball/usa/mlb-2017/miami-marlins-st-louis-cardinals-G8lGfjqF/#over-under;3
93,https://www.oddsportal.com/baseball/usa/mlb-2017/new-york-yankees-atlanta-braves-ABo8dCE2/#over-under;3
94,https://www.oddsportal.com/baseball/usa/mlb-2017/tampa-bay-rays-toronto-blue-jays-tY6GxXuK/#over-under;3
95,https://www.oddsportal.com/baseball/usa/mlb-2017/chicago-cubs-colorado-rockies-25OttiUL/#over-under;3
96,https://www.oddsportal.com/baseball/usa/mlb-2017/toronto-blue-jays-philadelphia-phillies-v9MHHV3f/#over-under;3
97,https://www.oddsportal.com/baseball/usa/mlb-2017/baltimore-orioles-pittsburgh-pirates-UiQYsDa9/#over-under;3
98,https://www.oddsportal.com/baseball/usa/mlb-2017/houston-astros-miami-marlins-2Vgxqgp3/#over-under;3
99,https://www.oddsportal.com/baseball/usa/mlb-2017/cincinnati-reds-colorado-rockies-rRMBSXaM/#over-under;3
100,https://www.oddsportal.com/baseball/usa/mlb-2017/kansas-city-royals-oakland-athletics-C0RFRiFS/#over-under;3
101,https://www.oddsportal.com/baseball/usa/mlb-2017/san-francisco-giants-cleveland-indians-GEVfWF0c/#over-under;3
102,https://www.oddsportal.com/baseball/usa/mlb-2017/miami-marlins-minnesota-twins-888TFfGG/#over-under;3
103,https://www.oddsportal.com/baseball/usa/mlb-2017/washington-nationals-st-louis-cardinals-MFl49hgp/#over-under;3
104,https://www.oddsportal.com/baseball/usa/mlb-2017/san-diego-padres-milwaukee-brewers-UH9PGz1A/#over-under;3
105,https://www.oddsportal.com/baseball/usa/mlb-2017/chicago-cubs-seattle-mariners-MiALHGo4/#over-under;3
106,https://www.oddsportal.com/baseball/usa/mlb-2017/chicago-white-sox-arizona-diamondbacks-r1BHIdWc/#over-under;3
107,https://www.oddsportal.com/baseball/usa/mlb-2017/oakland-athletics-cincinnati-reds-0xMCJxHi/#over-under;3
108,https://www.oddsportal.com/baseball/usa/mlb-2017/tampa-bay-rays-pittsburgh-pirates-WMsa0FGT/#over-under;3
109,https://www.oddsportal.com/baseball/usa/mlb-2017/washington-nationals-miami-marlins-zelj2ynH/#over-under;3
110,https://www.oddsportal.com/baseball/usa/mlb-2017/seattle-mariners-cleveland-indians-rmWr4cH4/#over-under;3
111,https://www.oddsportal.com/baseball/usa/mlb-2017/atlanta-braves-philadelphia-phillies-C0kMFZbJ/#over-under;3
112,https://www.oddsportal.com/baseball/usa/mlb-2017/cincinnati-reds-kansas-city-royals-pYVCJHaf/#over-under;3
113,https://www.oddsportal.com/baseball/usa/mlb-2017/los-angeles-dodgers-san-francisco-giants-QqmAIyF0/#over-under;3
114,https://www.oddsportal.com/baseball/usa/mlb-2017/texas-rangers-colorado-rockies-6sX8Kcpl/#over-under;3
115,https://www.oddsportal.com/baseball/usa/mlb-2017/detroit-tigers-philadelphia-phillies-zatwQJMQ/#over-under;3
116,https://www.oddsportal.com/baseball/usa/mlb-2017/colorado-rockies-los-angeles-dodgers-nw0r4x07/#over-under;3
117,https://www.oddsportal.com/baseball/usa/mlb-2017/chicago-white-sox-san-diego-padres-bH7V6vGl/#over-under;3
118,https://www.oddsportal.com/baseball/usa/mlb-2017/kansas-city-royals-arizona-diamondbacks-vXQbC0hR/#over-under;3
119,https://www.oddsportal.com/baseball/usa/mlb-2017/detroit-tigers-baltimore-orioles-0tSfDtwL/#over-under;3
120,https://www.oddsportal.com/baseball/usa/mlb-2017/houston-astros-boston-red-sox-CKo0iaG1/#over-under;3
121,https://www.oddsportal.com/baseball/usa/mlb-2017/miami-marlins-new-york-mets-jBp4jJV7/#over-under;3
122,https://www.oddsportal.com/baseball/usa/mlb-2017/arizona-diamondbacks-chicago-white-sox-IqXdhu1e/#over-under;3
123,https://www.oddsportal.com/baseball/usa/mlb-2017/los-angeles-angels-cincinnati-reds-vgYhgLok/#over-under;3
124,https://www.oddsportal.com/baseball/usa/mlb-2017/cleveland-indians-san-diego-padres-negE03gF/#over-under;3
125,https://www.oddsportal.com/baseball/usa/mlb-2017/milwaukee-brewers-colorado-rockies-UJb91qv9/#over-under;3
126,https://www.oddsportal.com/baseball/usa/mlb-2017/san-francisco-giants-kansas-city-royals-K8iMbsOR/#over-under;3
127,https://www.oddsportal.com/baseball/usa/mlb-2017/texas-rangers-chicago-cubs-QohIaN8L/#over-under;3
128,https://www.oddsportal.com/baseball/usa/mlb-2017/new-york-mets-st-louis-cardinals-jTa52PO2/#over-under;3
129,https://www.oddsportal.com/baseball/usa/mlb-2017/boston-red-sox-atlanta-braves-4zKAtr2q/#over-under;3
130,https://www.oddsportal.com/baseball/usa/mlb-2017/miami-marlins-houston-astros-CrSroOgS/#over-under;3
131,https://www.oddsportal.com/baseball/usa/mlb-2017/new-york-yankees-pittsburgh-pirates-Qk8JvMWe/#over-under;3
132,https://www.oddsportal.com/baseball/usa/mlb-2017/philadelphia-phillies-detroit-tigers-rRIEu2Hk/#over-under;3
133,https://www.oddsportal.com/baseball/usa/mlb-2017/washington-nationals-minnesota-twins-xQBNwtn2/#over-under;3
134,https://www.oddsportal.com/baseball/usa/mlb-2017/colorado-rockies-seattle-mariners-YiTvn4vM/#over-under;3
135,https://www.oddsportal.com/baseball/usa/mlb-2017/chicago-cubs-los-angeles-dodgers-xQZVmQ99/#over-under;3
136,https://www.oddsportal.com/baseball/usa/mlb-2017/milwaukee-brewers-texas-rangers-r3zSl6f3/#over-under;3
137,https://www.oddsportal.com/baseball/usa/mlb-2017/oakland-athletics-cleveland-indians-QTWrSrmj/#over-under;3
138,https://www.oddsportal.com/baseball/usa/mlb-2017/detroit-tigers-new-york-yankees-bFG2nDY4/#over-under;3
139,https://www.oddsportal.com/baseball/usa/mlb-2017/houston-astros-new-york-mets-UuCbmgJb/#over-under;3
140,https://www.oddsportal.com/baseball/usa/mlb-2017/st-louis-cardinals-washington-nationals-x6F6oXmB/#over-under;3
141,https://www.oddsportal.com/baseball/usa/mlb-2017/san-diego-padres-chicago-white-sox-8QNkkFln/#over-under;3
142,https://www.oddsportal.com/baseball/usa/mlb-2017/chicago-cubs-cincinnati-reds-xhzYWXYH/#over-under;3
143,https://www.oddsportal.com/baseball/usa/mlb-2017/cleveland-indians-colorado-rockies-b1yUXDJB/#over-under;3
144,https://www.oddsportal.com/baseball/usa/mlb-2017/oakland-athletics-san-francisco-giants-fTUxWilO/#over-under;3
145,https://www.oddsportal.com/baseball/usa/mlb-2017/texas-rangers-seattle-mariners-YJTtVB3U/#over-under;3
146,https://www.oddsportal.com/baseball/usa/mlb-2017/new-york-mets-houston-astros-jyYLZZla/#over-under;3
147,https://www.oddsportal.com/baseball/usa/mlb-2017/atlanta-braves-boston-red-sox-Mep9xx5t/#over-under;3
148,https://www.oddsportal.com/baseball/usa/mlb-2017/philadelphia-phillies-minnesota-twins-8CrHzGZh/#over-under;3
149,https://www.oddsportal.com/baseball/usa/mlb-2017/tampa-bay-rays-detroit-tigers-IsKbIYJO/#over-under;3
150,https://www.oddsportal.com/baseball/usa/mlb-2017/pittsburgh-pirates-baltimore-orioles-KnbssIdP/#over-under;3
151,https://www.oddsportal.com/baseball/usa/mlb-2017/seattle-mariners-milwaukee-brewers-AHGjKfkC/#over-under;3
152,https://www.oddsportal.com/baseball/usa/mlb-2017/kansas-city-royals-colorado-rockies-WQHnLzz6/#over-under;3
153,https://www.oddsportal.com/baseball/usa/mlb-2017/los-angeles-dodgers-cleveland-indians-zaOwNd5g/#over-under;3
154,https://www.oddsportal.com/baseball/usa/mlb-2017/oakland-athletics-texas-rangers-EkNsMGKa/#over-under;3
155,https://www.oddsportal.com/baseball/usa/mlb-2017/toronto-blue-jays-philadelphia-phillies-QuDMcGeO/#over-under;3
156,https://www.oddsportal.com/baseball/usa/mlb-2017/boston-red-sox-tampa-bay-rays-INiD6yLC/#over-under;3
157,https://www.oddsportal.com/baseball/usa/mlb-2017/detroit-tigers-pittsburgh-pirates-dEjH5ezJ/#over-under;3
158,https://www.oddsportal.com/baseball/usa/mlb-2017/st-louis-cardinals-atlanta-braves-za287H56/#over-under;3
159,https://www.oddsportal.com/baseball/usa/mlb-2017/san-francisco-giants-los-angeles-dodgers-SYb09wyf/#over-under;3
160,https://www.oddsportal.com/baseball/usa/mlb-2017/new-york-yankees-atlanta-braves-lr0dAJLm/#over-under;3
161,https://www.oddsportal.com/baseball/usa/mlb-2017/chicago-white-sox-arizona-diamondbacks-As0sgIjD/#over-under;3
162,https://www.oddsportal.com/baseball/usa/mlb-2017/cleveland-indians-seattle-mariners-Wj1wfby7/#over-under;3
163,https://www.oddsportal.com/baseball/usa/mlb-2017/kansas-city-royals-chicago-cubs-QkrUGLrK/#over-under;3
164,https://www.oddsportal.com/baseball/usa/mlb-2017/milwaukee-brewers-cincinnati-reds-CnvQH1TD/#over-under;3
165,https://www.oddsportal.com/baseball/usa/mlb-2017/baltimore-orioles-boston-red-sox-UR4Mctxr/#over-under;3
166,https://www.oddsportal.com/baseball/usa/mlb-2017/minnesota-twins-pittsburgh-pirates-2HdZfvM0/#over-under;3
167,https://www.oddsportal.com/baseball/usa/mlb-2017/st-louis-cardinals-new-york-mets-xWtgF87F/#over-under;3
168,https://www.oddsportal.com/baseball/usa/mlb-2017/tampa-bay-rays-philadelphia-phillies-t28Qd0il/#over-under;3
169,https://www.oddsportal.com/baseball/usa/mlb-2017/colorado-rockies-los-angeles-dodgers-2DltIANd/#over-under;3
170,https://www.oddsportal.com/baseball/usa/mlb-2017/oakland-athletics-cleveland-indians-hr7kemGq/#over-under;3
171,https://www.oddsportal.com/baseball/usa/mlb-2017/texas-rangers-arizona-diamondbacks-r9LJ09hM/#over-under;3
172,https://www.oddsportal.com/baseball/usa/mlb-2017/atlanta-braves-st-louis-cardinals-8jT63B83/#over-under;3
173,https://www.oddsportal.com/baseball/usa/mlb-2017/miami-marlins-new-york-mets-ETT24igc/#over-under;3
174,https://www.oddsportal.com/baseball/usa/mlb-2017/pittsburgh-pirates-toronto-blue-jays-Gl482vsg/#over-under;3
175,https://www.oddsportal.com/baseball/usa/mlb-2017/tampa-bay-rays-minnesota-twins-dhaIduzi/#over-under;3
176,https://www.oddsportal.com/baseball/usa/mlb-2017/arizona-diamondbacks-cincinnati-reds-2yeq3scN/#over-under;3
177,https://www.oddsportal.com/baseball/usa/mlb-2017/chicago-cubs-chicago-white-sox-Ye3S6Pcb/#over-under;3
178,https://www.oddsportal.com/baseball/usa/mlb-2017/los-angeles-dodgers-colorado-rockies-Cn2W5qD4/#over-under;3
179,https://www.oddsportal.com/baseball/usa/mlb-2017/san-francisco-giants-oakland-athletics-KC5v4NsH/#over-under;3
180,https://www.oddsportal.com/baseball/usa/mlb-2017/seattle-mariners-kansas-city-royals-0MDn21CT/#over-under;3
181,https://www.oddsportal.com/baseball/usa/mlb-2017/detroit-tigers-atlanta-braves-MHZ9lrrU/#over-under;3
182,https://www.oddsportal.com/baseball/usa/mlb-2017/minnesota-twins-miami-marlins-2FJ8j4DH/#over-under;3
183,https://www.oddsportal.com/baseball/usa/mlb-2017/seattle-mariners-san-diego-padres-8hK4ipbB/#over-under;3
184,https://www.oddsportal.com/baseball/usa/mlb-2017/cincinnati-reds-san-francisco-giants-CQQeg6Tb/#over-under;3
185,https://www.oddsportal.com/baseball/usa/mlb-2017/kansas-city-royals-texas-rangers-YZRifnEh/#over-under;3
186,https://www.oddsportal.com/baseball/usa/mlb-2017/chicago-cubs-cleveland-indians-0ncwyPDU/#over-under;3
187,https://www.oddsportal.com/baseball/usa/mlb-2017/milwaukee-brewers-los-angeles-dodgers-fkG0hQr5/#over-under;3
188,https://www.oddsportal.com/baseball/usa/mlb-2017/oakland-athletics-los-angeles-angels-40NmeSbn/#over-under;3
189,https://www.oddsportal.com/baseball/usa/mlb-2017/atlanta-braves-houston-astros-Q92EtTqg/#over-under;3
190,https://www.oddsportal.com/baseball/usa/mlb-2017/arizona-diamondbacks-colorado-rockies-hIox0HpE/#over-under;3
191,https://www.oddsportal.com/baseball/usa/mlb-2017/los-angeles-angels-milwaukee-brewers-Us95rkFt/#over-under;3
192,https://www.oddsportal.com/baseball/usa/mlb-2017/san-diego-padres-seattle-mariners-C6bAs9Un/#over-under;3
193,https://www.oddsportal.com/baseball/usa/mlb-2017/atlanta-braves-toronto-blue-jays-GzPZmuSa/#over-under;3
194,https://www.oddsportal.com/baseball/usa/mlb-2017/detroit-tigers-houston-astros-INBanbGE/#over-under;3
195,https://www.oddsportal.com/baseball/usa/mlb-2017/miami-marlins-st-louis-cardinals-ALjvuG8l/#over-under;3
196,https://www.oddsportal.com/baseball/usa/mlb-2017/new-york-mets-washington-nationals-WUiztdgr/#over-under;3
197,https://www.oddsportal.com/baseball/usa/mlb-2017/philadelphia-phillies-new-york-yankees-6m8emv18/#over-under;3
198,https://www.oddsportal.com/baseball/usa/mlb-2017/san-francisco-giants-cincinnati-reds-dIQ4QGge/#over-under;3
199,https://www.oddsportal.com/baseball/usa/mlb-2017/detroit-tigers-baltimore-orioles-z3xdSxPr/#over-under;3
