﻿,0
0,https://www.oddsportal.com/baseball/usa/mlb-2016/chicago-cubs-cleveland-indians-CSTdDFVS/#over-under;3
1,https://www.oddsportal.com/baseball/usa/mlb-2016/detroit-tigers-cleveland-indians-EBQzRgkf/#over-under;3
2,https://www.oddsportal.com/baseball/usa/mlb-2016/cincinnati-reds-pittsburgh-pirates-zBxRxc0a/#over-under;3
3,https://www.oddsportal.com/baseball/usa/mlb-2016/colorado-rockies-los-angeles-dodgers-jTcQZVLB/#over-under;3
4,https://www.oddsportal.com/baseball/usa/mlb-2016/arizona-diamondbacks-atlanta-braves-fT0WwN0O/#over-under;3
5,https://www.oddsportal.com/baseball/usa/mlb-2016/chicago-white-sox-detroit-tigers-hIksTSuF/#over-under;3
6,https://www.oddsportal.com/baseball/usa/mlb-2016/miami-marlins-arizona-diamondbacks-fu3HTw5e/#over-under;3
7,https://www.oddsportal.com/baseball/usa/mlb-2016/los-angeles-angels-chicago-cubs-CKmDg8C4/#over-under;3
8,https://www.oddsportal.com/baseball/usa/mlb-2016/los-angeles-angels-los-angeles-dodgers-OMcw0nF8/#over-under;3
9,https://www.oddsportal.com/baseball/usa/mlb-2016/oakland-athletics-san-francisco-giants-pKhG1ajD/#over-under;3
10,https://www.oddsportal.com/baseball/usa/mlb-2016/san-diego-padres-chicago-white-sox-nPWbQrTD/#over-under;3
11,https://www.oddsportal.com/baseball/usa/mlb-2016/arizona-diamondbacks-kansas-city-royals-xfk83LL0/#over-under;3
12,https://www.oddsportal.com/baseball/usa/mlb-2016/colorado-rockies-seattle-mariners-6TgC2uy7/#over-under;3
13,https://www.oddsportal.com/baseball/usa/mlb-2016/texas-rangers-cleveland-indians-Gv1a5sil/#over-under;3
14,https://www.oddsportal.com/baseball/usa/mlb-2016/pittsburgh-pirates-cincinnati-reds-44ce6Nyr/#over-under;3
15,https://www.oddsportal.com/baseball/usa/mlb-2016/miami-marlins-new-york-yankees-Iqcsa6UE/#over-under;3
16,https://www.oddsportal.com/baseball/usa/mlb-2016/atlanta-braves-detroit-tigers-8YBPBqEK/#over-under;3
17,https://www.oddsportal.com/baseball/usa/mlb-2016/toronto-blue-jays-boston-red-sox-C2S4d799/#over-under;3
18,https://www.oddsportal.com/baseball/usa/mlb-2016/washington-nationals-minnesota-twins-jcHKCPbE/#over-under;3
19,https://www.oddsportal.com/baseball/usa/mlb-2016/san-francisco-giants-oakland-athletics-C6IGD5q8/#over-under;3
20,https://www.oddsportal.com/baseball/usa/mlb-2016/los-angeles-dodgers-los-angeles-angels-2yyQjrxe/#over-under;3
21,https://www.oddsportal.com/baseball/usa/mlb-2016/san-diego-padres-chicago-white-sox-b3UYlM67/#over-under;3
22,https://www.oddsportal.com/baseball/usa/mlb-2016/seattle-mariners-colorado-rockies-p0QUk2i1/#over-under;3
23,https://www.oddsportal.com/baseball/usa/mlb-2016/arizona-diamondbacks-kansas-city-royals-OpxMiOMl/#over-under;3
24,https://www.oddsportal.com/baseball/usa/mlb-2016/texas-rangers-cleveland-indians-GKxIh47r/#over-under;3
25,https://www.oddsportal.com/baseball/usa/mlb-2016/miami-marlins-new-york-yankees-jFzB0blM/#over-under;3
26,https://www.oddsportal.com/baseball/usa/mlb-2016/toronto-blue-jays-boston-red-sox-IuT0cmf3/#over-under;3
27,https://www.oddsportal.com/baseball/usa/mlb-2016/philadelphia-phillies-baltimore-orioles-Wn1obQqL/#over-under;3
28,https://www.oddsportal.com/baseball/usa/mlb-2016/washington-nationals-minnesota-twins-EBjjcpaR/#over-under;3
29,https://www.oddsportal.com/baseball/usa/mlb-2016/chicago-cubs-new-york-mets-MuW61vZF/#over-under;3
30,https://www.oddsportal.com/baseball/usa/mlb-2016/houston-astros-milwaukee-brewers-pWbZ0Sa2/#over-under;3
31,https://www.oddsportal.com/baseball/usa/mlb-2016/san-francisco-giants-oakland-athletics-SfUlgGtd/#over-under;3
32,https://www.oddsportal.com/baseball/usa/mlb-2016/los-angeles-dodgers-los-angeles-angels-YXUpfdRk/#over-under;3
33,https://www.oddsportal.com/baseball/usa/mlb-2016/houston-astros-milwaukee-brewers-zmCsexCq/#over-under;3
34,https://www.oddsportal.com/baseball/usa/mlb-2016/new-york-mets-chicago-cubs-4rpylL4G/#over-under;3
35,https://www.oddsportal.com/baseball/usa/mlb-2016/colorado-rockies-arizona-diamondbacks-rkX22KJ9/#over-under;3
36,https://www.oddsportal.com/baseball/usa/mlb-2016/baltimore-orioles-atlanta-braves-YJkCucCd/#over-under;3
37,https://www.oddsportal.com/baseball/usa/mlb-2016/cleveland-indians-cincinnati-reds-nNwf4tkc/#over-under;3
38,https://www.oddsportal.com/baseball/usa/mlb-2016/minnesota-twins-boston-red-sox-C8mqnaZS/#over-under;3
39,https://www.oddsportal.com/baseball/usa/mlb-2016/tampa-bay-rays-pittsburgh-pirates-fTj8twcj/#over-under;3
40,https://www.oddsportal.com/baseball/usa/mlb-2016/baltimore-orioles-detroit-tigers-IolumuKM/#over-under;3
41,https://www.oddsportal.com/baseball/usa/mlb-2016/cincinnati-reds-chicago-white-sox-EgiOjNKc/#over-under;3
42,https://www.oddsportal.com/baseball/usa/mlb-2016/los-angeles-dodgers-cleveland-indians-MJfWl1kA/#over-under;3
43,https://www.oddsportal.com/baseball/usa/mlb-2016/seattle-mariners-san-diego-padres-z3hKi35i/#over-under;3
44,https://www.oddsportal.com/baseball/usa/mlb-2016/oakland-athletics-arizona-diamondbacks-MNAXTaDp/#over-under;3
45,https://www.oddsportal.com/baseball/usa/mlb-2016/texas-rangers-kansas-city-royals-YcEyTJSj/#over-under;3
46,https://www.oddsportal.com/baseball/usa/mlb-2016/atlanta-braves-new-york-yankees-jyl0n8TB/#over-under;3
47,https://www.oddsportal.com/baseball/usa/mlb-2016/miami-marlins-st-louis-cardinals-URn4oSrI/#over-under;3
48,https://www.oddsportal.com/baseball/usa/mlb-2016/minnesota-twins-toronto-blue-jays-6qQDy6Xq/#over-under;3
49,https://www.oddsportal.com/baseball/usa/mlb-2016/philadelphia-phillies-houston-astros-f9filUba/#over-under;3
50,https://www.oddsportal.com/baseball/usa/mlb-2016/new-york-mets-washington-nationals-0nemkAqg/#over-under;3
51,https://www.oddsportal.com/baseball/usa/mlb-2016/kansas-city-royals-san-francisco-giants-nqiqjjUn/#over-under;3
52,https://www.oddsportal.com/baseball/usa/mlb-2016/baltimore-orioles-atlanta-braves-4K1viWEt/#over-under;3
53,https://www.oddsportal.com/baseball/usa/mlb-2016/arizona-diamondbacks-colorado-rockies-lfCVWSTO/#over-under;3
54,https://www.oddsportal.com/baseball/usa/mlb-2016/san-diego-padres-los-angeles-dodgers-2BFCeC6P/#over-under;3
55,https://www.oddsportal.com/baseball/usa/mlb-2016/chicago-cubs-oakland-athletics-A3DRX8EI/#over-under;3
56,https://www.oddsportal.com/baseball/usa/mlb-2016/chicago-white-sox-texas-rangers-EyKIZUq6/#over-under;3
57,https://www.oddsportal.com/baseball/usa/mlb-2016/milwaukee-brewers-cincinnati-reds-SvOMYlaC/#over-under;3
58,https://www.oddsportal.com/baseball/usa/mlb-2016/new-york-mets-miami-marlins-tOLAyiFg/#over-under;3
59,https://www.oddsportal.com/baseball/usa/mlb-2016/minnesota-twins-boston-red-sox-pdS1wDps/#over-under;3
60,https://www.oddsportal.com/baseball/usa/mlb-2016/st-louis-cardinals-washington-nationals-OnR5xXam/#over-under;3
61,https://www.oddsportal.com/baseball/usa/mlb-2016/cincinnati-reds-milwaukee-brewers-EybmKkpJ/#over-under;3
62,https://www.oddsportal.com/baseball/usa/mlb-2016/los-angeles-dodgers-texas-rangers-GtxWrZMJ/#over-under;3
63,https://www.oddsportal.com/baseball/usa/mlb-2016/san-francisco-giants-arizona-diamondbacks-zoaqLVUC/#over-under;3
64,https://www.oddsportal.com/baseball/usa/mlb-2016/new-york-yankees-detroit-tigers-6BfuMBF6/#over-under;3
65,https://www.oddsportal.com/baseball/usa/mlb-2016/atlanta-braves-houston-astros-SKeyNi00/#over-under;3
66,https://www.oddsportal.com/baseball/usa/mlb-2016/colorado-rockies-chicago-white-sox-Wh2SODVm/#over-under;3
67,https://www.oddsportal.com/baseball/usa/mlb-2016/los-angeles-angels-chicago-cubs-pd6WNXpf/#over-under;3
68,https://www.oddsportal.com/baseball/usa/mlb-2016/oakland-athletics-cleveland-indians-xW2OPgGs/#over-under;3
69,https://www.oddsportal.com/baseball/usa/mlb-2016/toronto-blue-jays-philadelphia-phillies-0rsVqUP3/#over-under;3
70,https://www.oddsportal.com/baseball/usa/mlb-2016/boston-red-sox-baltimore-orioles-lE898ho7/#over-under;3
71,https://www.oddsportal.com/baseball/usa/mlb-2016/pittsburgh-pirates-minnesota-twins-fBaaVFhK/#over-under;3
72,https://www.oddsportal.com/baseball/usa/mlb-2016/st-louis-cardinals-new-york-mets-2HCD7C0D/#over-under;3
73,https://www.oddsportal.com/baseball/usa/mlb-2016/washington-nationals-miami-marlins-GK0eWewE/#over-under;3
74,https://www.oddsportal.com/baseball/usa/mlb-2016/pittsburgh-pirates-baltimore-orioles-6kJ49YV0/#over-under;3
75,https://www.oddsportal.com/baseball/usa/mlb-2016/chicago-cubs-seattle-mariners-KYGhCznr/#over-under;3
76,https://www.oddsportal.com/baseball/usa/mlb-2016/cleveland-indians-milwaukee-brewers-bPFdBf1l/#over-under;3
77,https://www.oddsportal.com/baseball/usa/mlb-2016/los-angeles-dodgers-cincinnati-reds-MqMIIx9E/#over-under;3
78,https://www.oddsportal.com/baseball/usa/mlb-2016/oakland-athletics-kansas-city-royals-EivQGGwR/#over-under;3
79,https://www.oddsportal.com/baseball/usa/mlb-2016/san-francisco-giants-chicago-white-sox-rgNEJIg8/#over-under;3
80,https://www.oddsportal.com/baseball/usa/mlb-2016/boston-red-sox-philadelphia-phillies-SpuSeF11/#over-under;3
81,https://www.oddsportal.com/baseball/usa/mlb-2016/miami-marlins-st-louis-cardinals-6yvWfZG7/#over-under;3
82,https://www.oddsportal.com/baseball/usa/mlb-2016/new-york-yankees-minnesota-twins-KKyKcyXl/#over-under;3
83,https://www.oddsportal.com/baseball/usa/mlb-2016/tampa-bay-rays-toronto-blue-jays-6VpuN6Ij/#over-under;3
84,https://www.oddsportal.com/baseball/usa/mlb-2016/colorado-rockies-texas-rangers-h6PsHPX9/#over-under;3
85,https://www.oddsportal.com/baseball/usa/mlb-2016/chicago-cubs-san-francisco-giants-QgpqdOep/#over-under;3
86,https://www.oddsportal.com/baseball/usa/mlb-2016/kansas-city-royals-oakland-athletics-ImXUJRmi/#over-under;3
87,https://www.oddsportal.com/baseball/usa/mlb-2016/milwaukee-brewers-arizona-diamondbacks-4pqmerBj/#over-under;3
88,https://www.oddsportal.com/baseball/usa/mlb-2016/toronto-blue-jays-new-york-yankees-EX50UlQG/#over-under;3
89,https://www.oddsportal.com/baseball/usa/mlb-2016/atlanta-braves-new-york-mets-Cn482QIG/#over-under;3
90,https://www.oddsportal.com/baseball/usa/mlb-2016/philadelphia-phillies-detroit-tigers-0C04363A/#over-under;3
91,https://www.oddsportal.com/baseball/usa/mlb-2016/baltimore-orioles-boston-red-sox-vcCe5SYc/#over-under;3
92,https://www.oddsportal.com/baseball/usa/mlb-2016/st-louis-cardinals-washington-nationals-ImBa4nl4/#over-under;3
93,https://www.oddsportal.com/baseball/usa/mlb-2016/texas-rangers-san-diego-padres-AN7i68Ji/#over-under;3
94,https://www.oddsportal.com/baseball/usa/mlb-2016/miami-marlins-washington-nationals-WW8m7l4o/#over-under;3
95,https://www.oddsportal.com/baseball/usa/mlb-2016/philadelphia-phillies-toronto-blue-jays-I5CiWAe4/#over-under;3
96,https://www.oddsportal.com/baseball/usa/mlb-2016/boston-red-sox-pittsburgh-pirates-URU4r5Rp/#over-under;3
97,https://www.oddsportal.com/baseball/usa/mlb-2016/arizona-diamondbacks-cleveland-indians-h6wwmoJT/#over-under;3
98,https://www.oddsportal.com/baseball/usa/mlb-2016/seattle-mariners-chicago-white-sox-bqvZmR3N/#over-under;3
99,https://www.oddsportal.com/baseball/usa/mlb-2016/chicago-cubs-milwaukee-brewers-KhuVl7lH/#over-under;3
100,https://www.oddsportal.com/baseball/usa/mlb-2016/cincinnati-reds-colorado-rockies-EuAUjTJ4/#over-under;3
101,https://www.oddsportal.com/baseball/usa/mlb-2016/oakland-athletics-los-angeles-angels-hW8YkmZA/#over-under;3
102,https://www.oddsportal.com/baseball/usa/mlb-2016/new-york-mets-st-louis-cardinals-6F6Mhkkh/#over-under;3
103,https://www.oddsportal.com/baseball/usa/mlb-2016/baltimore-orioles-new-york-yankees-YRy8ZRlU/#over-under;3
104,https://www.oddsportal.com/baseball/usa/mlb-2016/tampa-bay-rays-minnesota-twins-OjHHgVZo/#over-under;3
105,https://www.oddsportal.com/baseball/usa/mlb-2016/cleveland-indians-los-angeles-dodgers-fyw4z8ZN/#over-under;3
106,https://www.oddsportal.com/baseball/usa/mlb-2016/san-francisco-giants-chicago-cubs-CCmaylKH/#over-under;3
107,https://www.oddsportal.com/baseball/usa/mlb-2016/new-york-yankees-tampa-bay-rays-0xpexU4B/#over-under;3
108,https://www.oddsportal.com/baseball/usa/mlb-2016/atlanta-braves-philadelphia-phillies-6FpiwAk5/#over-under;3
109,https://www.oddsportal.com/baseball/usa/mlb-2016/colorado-rockies-seattle-mariners-SOomvjza/#over-under;3
110,https://www.oddsportal.com/baseball/usa/mlb-2016/san-diego-padres-arizona-diamondbacks-AmiruWKh/#over-under;3
111,https://www.oddsportal.com/baseball/usa/mlb-2016/chicago-white-sox-los-angeles-angels-0E18oYsP/#over-under;3
112,https://www.oddsportal.com/baseball/usa/mlb-2016/milwaukee-brewers-kansas-city-royals-WdhvtC5n/#over-under;3
113,https://www.oddsportal.com/baseball/usa/mlb-2016/toronto-blue-jays-detroit-tigers-jgycATYp/#over-under;3
114,https://www.oddsportal.com/baseball/usa/mlb-2016/baltimore-orioles-pittsburgh-pirates-dtySxtvP/#over-under;3
115,https://www.oddsportal.com/baseball/usa/mlb-2016/miami-marlins-minnesota-twins-WYwGurf6/#over-under;3
116,https://www.oddsportal.com/baseball/usa/mlb-2016/washington-nationals-st-louis-cardinals-IkxOwMOI/#over-under;3
117,https://www.oddsportal.com/baseball/usa/mlb-2016/seattle-mariners-oakland-athletics-lAlBtOv0/#over-under;3
118,https://www.oddsportal.com/baseball/usa/mlb-2016/houston-astros-philadelphia-phillies-z7p7s4Pg/#over-under;3
119,https://www.oddsportal.com/baseball/usa/mlb-2016/washington-nationals-new-york-yankees-tpo3rpAm/#over-under;3
120,https://www.oddsportal.com/baseball/usa/mlb-2016/arizona-diamondbacks-san-francisco-giants-2gnaqQfs/#over-under;3
121,https://www.oddsportal.com/baseball/usa/mlb-2016/chicago-white-sox-san-diego-padres-nqTU0hQE/#over-under;3
122,https://www.oddsportal.com/baseball/usa/mlb-2016/cleveland-indians-kansas-city-royals-8hUQ1YA8/#over-under;3
123,https://www.oddsportal.com/baseball/usa/mlb-2016/toronto-blue-jays-new-york-mets-EXqVE9QT/#over-under;3
124,https://www.oddsportal.com/baseball/usa/mlb-2016/pittsburgh-pirates-baltimore-orioles-zkZWuilk/#over-under;3
125,https://www.oddsportal.com/baseball/usa/mlb-2016/st-louis-cardinals-miami-marlins-EuYzuB3e/#over-under;3
126,https://www.oddsportal.com/baseball/usa/mlb-2016/arizona-diamondbacks-san-francisco-giants-KApRFkBN/#over-under;3
127,https://www.oddsportal.com/baseball/usa/mlb-2016/kansas-city-royals-los-angeles-dodgers-6FUStXYr/#over-under;3
128,https://www.oddsportal.com/baseball/usa/mlb-2016/new-york-yankees-new-york-mets-46r1oDQR/#over-under;3
129,https://www.oddsportal.com/baseball/usa/mlb-2016/colorado-rockies-milwaukee-brewers-EHkllFt9/#over-under;3
130,https://www.oddsportal.com/baseball/usa/mlb-2016/san-diego-padres-texas-rangers-8vkhmZeF/#over-under;3
131,https://www.oddsportal.com/baseball/usa/mlb-2016/cincinnati-reds-chicago-cubs-zZp9QBl2/#over-under;3
132,https://www.oddsportal.com/baseball/usa/mlb-2016/detroit-tigers-toronto-blue-jays-phhEIiR4/#over-under;3
133,https://www.oddsportal.com/baseball/usa/mlb-2016/houston-astros-atlanta-braves-lIrcTD4q/#over-under;3
134,https://www.oddsportal.com/baseball/usa/mlb-2016/miami-marlins-boston-red-sox-drn5RiZe/#over-under;3
135,https://www.oddsportal.com/baseball/usa/mlb-2016/san-diego-padres-cincinnati-reds-ry6UXgdS/#over-under;3
136,https://www.oddsportal.com/baseball/usa/mlb-2016/cleveland-indians-chicago-white-sox-EeEDyxc3/#over-under;3
137,https://www.oddsportal.com/baseball/usa/mlb-2016/san-francisco-giants-oakland-athletics-dK3IzdC9/#over-under;3
138,https://www.oddsportal.com/baseball/usa/mlb-2016/texas-rangers-colorado-rockies-2LA9xIsc/#over-under;3
139,https://www.oddsportal.com/baseball/usa/mlb-2016/los-angeles-dodgers-seattle-mariners-4p7QYZtM/#over-under;3
140,https://www.oddsportal.com/baseball/usa/mlb-2016/new-york-mets-miami-marlins-lIMRDY4d/#over-under;3
141,https://www.oddsportal.com/baseball/usa/mlb-2016/detroit-tigers-philadelphia-phillies-ARNNEEkj/#over-under;3
142,https://www.oddsportal.com/baseball/usa/mlb-2016/washington-nationals-houston-astros-rHwqMdcG/#over-under;3
143,https://www.oddsportal.com/baseball/usa/mlb-2016/colorado-rockies-san-francisco-giants-0hlvNxrA/#over-under;3
144,https://www.oddsportal.com/baseball/usa/mlb-2016/seattle-mariners-cleveland-indians-M1kzOIS3/#over-under;3
145,https://www.oddsportal.com/baseball/usa/mlb-2016/chicago-cubs-kansas-city-royals-Gn7E6HcT/#over-under;3
146,https://www.oddsportal.com/baseball/usa/mlb-2016/cincinnati-reds-arizona-diamondbacks-YRgt2y6p/#over-under;3
147,https://www.oddsportal.com/baseball/usa/mlb-2016/oakland-athletics-chicago-white-sox-nVcp1eLj/#over-under;3
148,https://www.oddsportal.com/baseball/usa/mlb-2016/texas-rangers-los-angeles-angels-lzxTPvbi/#over-under;3
149,https://www.oddsportal.com/baseball/usa/mlb-2016/new-york-mets-boston-red-sox-xd8A7crN/#over-under;3
150,https://www.oddsportal.com/baseball/usa/mlb-2016/toronto-blue-jays-pittsburgh-pirates-dWa1Lgsn/#over-under;3
151,https://www.oddsportal.com/baseball/usa/mlb-2016/baltimore-orioles-tampa-bay-rays-tUE19JDA/#over-under;3
152,https://www.oddsportal.com/baseball/usa/mlb-2016/minnesota-twins-new-york-yankees-KKD58wTG/#over-under;3
153,https://www.oddsportal.com/baseball/usa/mlb-2016/philadelphia-phillies-houston-astros-zXBgBuqb/#over-under;3
154,https://www.oddsportal.com/baseball/usa/mlb-2016/st-louis-cardinals-miami-marlins-n7FcAab4/#over-under;3
155,https://www.oddsportal.com/baseball/usa/mlb-2016/cleveland-indians-chicago-cubs-Q1U2lIyo/#over-under;3
156,https://www.oddsportal.com/baseball/usa/mlb-2016/los-angeles-angels-milwaukee-brewers-6DHU6QiC/#over-under;3
157,https://www.oddsportal.com/baseball/usa/mlb-2016/san-diego-padres-colorado-rockies-lx7Z5p7I/#over-under;3
158,https://www.oddsportal.com/baseball/usa/mlb-2016/chicago-white-sox-los-angeles-dodgers-hADQ76x6/#over-under;3
159,https://www.oddsportal.com/baseball/usa/mlb-2016/toronto-blue-jays-philadelphia-phillies-WlSv4hCB/#over-under;3
160,https://www.oddsportal.com/baseball/usa/mlb-2016/boston-red-sox-st-louis-cardinals-rFCkGUUP/#over-under;3
161,https://www.oddsportal.com/baseball/usa/mlb-2016/miami-marlins-detroit-tigers-S6U2hRxJ/#over-under;3
162,https://www.oddsportal.com/baseball/usa/mlb-2016/new-york-yankees-atlanta-braves-UB8oHAFJ/#over-under;3
163,https://www.oddsportal.com/baseball/usa/mlb-2016/pittsburgh-pirates-minnesota-twins-vobLA8hm/#over-under;3
164,https://www.oddsportal.com/baseball/usa/mlb-2016/tampa-bay-rays-baltimore-orioles-lGVbg7NC/#over-under;3
165,https://www.oddsportal.com/baseball/usa/mlb-2016/washington-nationals-new-york-mets-0faHBlws/#over-under;3
166,https://www.oddsportal.com/baseball/usa/mlb-2016/san-francisco-giants-san-diego-padres-KtRffm86/#over-under;3
167,https://www.oddsportal.com/baseball/usa/mlb-2016/new-york-yankees-baltimore-orioles-tjSjeTh0/#over-under;3
168,https://www.oddsportal.com/baseball/usa/mlb-2016/new-york-mets-washington-nationals-bRxnd9wf/#over-under;3
169,https://www.oddsportal.com/baseball/usa/mlb-2016/arizona-diamondbacks-los-angeles-dodgers-6JKvbV8s/#over-under;3
170,https://www.oddsportal.com/baseball/usa/mlb-2016/chicago-white-sox-chicago-cubs-fuiMulgD/#over-under;3
171,https://www.oddsportal.com/baseball/usa/mlb-2016/cleveland-indians-oakland-athletics-nZw83ioK/#over-under;3
172,https://www.oddsportal.com/baseball/usa/mlb-2016/milwaukee-brewers-cincinnati-reds-8ru44XVD/#over-under;3
173,https://www.oddsportal.com/baseball/usa/mlb-2016/toronto-blue-jays-houston-astros-WEcz7fSh/#over-under;3
174,https://www.oddsportal.com/baseball/usa/mlb-2016/atlanta-braves-miami-marlins-KMb9rj9f/#over-under;3
175,https://www.oddsportal.com/baseball/usa/mlb-2016/philadelphia-phillies-pittsburgh-pirates-txmItUw7/#over-under;3
176,https://www.oddsportal.com/baseball/usa/mlb-2016/st-louis-cardinals-detroit-tigers-bDcDsAO0/#over-under;3
177,https://www.oddsportal.com/baseball/usa/mlb-2016/san-diego-padres-san-francisco-giants-Y501pCvr/#over-under;3
178,https://www.oddsportal.com/baseball/usa/mlb-2016/texas-rangers-milwaukee-brewers-SONYlhWQ/#over-under;3
179,https://www.oddsportal.com/baseball/usa/mlb-2016/chicago-cubs-arizona-diamondbacks-ELJUkYGK/#over-under;3
180,https://www.oddsportal.com/baseball/usa/mlb-2016/colorado-rockies-los-angeles-angels-KbKQjE1E/#over-under;3
181,https://www.oddsportal.com/baseball/usa/mlb-2016/cincinnati-reds-cleveland-indians-SUOFFuIg/#over-under;3
182,https://www.oddsportal.com/baseball/usa/mlb-2016/los-angeles-dodgers-kansas-city-royals-4jxvTA97/#over-under;3
183,https://www.oddsportal.com/baseball/usa/mlb-2016/oakland-athletics-seattle-mariners-t8LMifn8/#over-under;3
184,https://www.oddsportal.com/baseball/usa/mlb-2016/detroit-tigers-st-louis-cardinals-Y7PBGL2m/#over-under;3
185,https://www.oddsportal.com/baseball/usa/mlb-2016/miami-marlins-new-york-mets-CdNrNNPJ/#over-under;3
186,https://www.oddsportal.com/baseball/usa/mlb-2016/philadelphia-phillies-tampa-bay-rays-fHQ7H1ms/#over-under;3
187,https://www.oddsportal.com/baseball/usa/mlb-2016/pittsburgh-pirates-new-york-yankees-jmMnMsuQ/#over-under;3
188,https://www.oddsportal.com/baseball/usa/mlb-2016/arizona-diamondbacks-cincinnati-reds-2Ruh00I6/#over-under;3
189,https://www.oddsportal.com/baseball/usa/mlb-2016/minnesota-twins-boston-red-sox-Ozsl1t30/#over-under;3
190,https://www.oddsportal.com/baseball/usa/mlb-2016/new-york-yankees-toronto-blue-jays-xvoNWhAr/#over-under;3
191,https://www.oddsportal.com/baseball/usa/mlb-2016/cleveland-indians-los-angeles-angels-Yoly4rJs/#over-under;3
192,https://www.oddsportal.com/baseball/usa/mlb-2016/kansas-city-royals-chicago-cubs-UFM3MjZ8/#over-under;3
193,https://www.oddsportal.com/baseball/usa/mlb-2016/los-angeles-dodgers-colorado-rockies-GAwt32Ym/#over-under;3
194,https://www.oddsportal.com/baseball/usa/mlb-2016/milwaukee-brewers-chicago-white-sox-OxM7LAlF/#over-under;3
195,https://www.oddsportal.com/baseball/usa/mlb-2016/atlanta-braves-st-louis-cardinals-E7vHbms2/#over-under;3
196,https://www.oddsportal.com/baseball/usa/mlb-2016/baltimore-orioles-pittsburgh-pirates-tft909Ck/#over-under;3
197,https://www.oddsportal.com/baseball/usa/mlb-2016/houston-astros-detroit-tigers-zHuDaTRe/#over-under;3
198,https://www.oddsportal.com/baseball/usa/mlb-2016/miami-marlins-washington-nationals-jPNaNWJ2/#over-under;3
199,https://www.oddsportal.com/baseball/usa/mlb-2016/boston-red-sox-new-york-yankees-Sjx51kcq/#over-under;3
200,https://www.oddsportal.com/baseball/usa/mlb-2016/colorado-rockies-oakland-athletics-M9ax6VlS/#over-under;3
201,https://www.oddsportal.com/baseball/usa/mlb-2016/los-angeles-angels-seattle-mariners-lrnV7iKF/#over-under;3
202,https://www.oddsportal.com/baseball/usa/mlb-2016/san-diego-padres-chicago-cubs-rJ0Y6BZL/#over-under;3
203,https://www.oddsportal.com/baseball/usa/mlb-2016/chicago-white-sox-los-angeles-dodgers-AimR8X49/#over-under;3
204,https://www.oddsportal.com/baseball/usa/mlb-2016/cincinnati-reds-kansas-city-royals-SScM9Dk3/#over-under;3
205,https://www.oddsportal.com/baseball/usa/mlb-2016/texas-rangers-cleveland-indians-EPgIAgzc/#over-under;3
206,https://www.oddsportal.com/baseball/usa/mlb-2016/toronto-blue-jays-baltimore-orioles-zVbeyZ1R/#over-under;3
207,https://www.oddsportal.com/baseball/usa/mlb-2016/detroit-tigers-atlanta-braves-2oQahCKS/#over-under;3
208,https://www.oddsportal.com/baseball/usa/mlb-2016/houston-astros-washington-nationals-MV6Wnjrj/#over-under;3
209,https://www.oddsportal.com/baseball/usa/mlb-2016/miami-marlins-new-york-mets-4fCRmWSq/#over-under;3
210,https://www.oddsportal.com/baseball/usa/mlb-2016/tampa-bay-rays-philadelphia-phillies-0M5znAcd/#over-under;3
211,https://www.oddsportal.com/baseball/usa/mlb-2016/oakland-athletics-san-francisco-giants-8OQegh5M/#over-under;3
212,https://www.oddsportal.com/baseball/usa/mlb-2016/los-angeles-angels-cincinnati-reds-dlNifYkG/#over-under;3
213,https://www.oddsportal.com/baseball/usa/mlb-2016/chicago-cubs-san-diego-padres-zZYrdfL3/#over-under;3
214,https://www.oddsportal.com/baseball/usa/mlb-2016/cleveland-indians-texas-rangers-6aUvcz6c/#over-under;3
215,https://www.oddsportal.com/baseball/usa/mlb-2016/kansas-city-royals-chicago-white-sox-Q3ihZWDj/#over-under;3
216,https://www.oddsportal.com/baseball/usa/mlb-2016/los-angeles-dodgers-milwaukee-brewers-S8VzbGji/#over-under;3
217,https://www.oddsportal.com/baseball/usa/mlb-2016/atlanta-braves-tampa-bay-rays-fL0MvgjT/#over-under;3
218,https://www.oddsportal.com/baseball/usa/mlb-2016/baltimore-orioles-philadelphia-phillies-GU1IuZzN/#over-under;3
219,https://www.oddsportal.com/baseball/usa/mlb-2016/boston-red-sox-pittsburgh-pirates-C0mlzDbp/#over-under;3
220,https://www.oddsportal.com/baseball/usa/mlb-2016/detroit-tigers-new-york-mets-dSoHse6A/#over-under;3
221,https://www.oddsportal.com/baseball/usa/mlb-2016/st-louis-cardinals-minnesota-twins-25nDryi4/#over-under;3
222,https://www.oddsportal.com/baseball/usa/mlb-2016/washington-nationals-houston-astros-zJpLtFLG/#over-under;3
223,https://www.oddsportal.com/baseball/usa/mlb-2016/san-francisco-giants-san-diego-padres-l2r9qHyb/#over-under;3
224,https://www.oddsportal.com/baseball/usa/mlb-2016/colorado-rockies-los-angeles-dodgers-Snf0ow7o/#over-under;3
225,https://www.oddsportal.com/baseball/usa/mlb-2016/los-angeles-angels-texas-rangers-6wg4pcMi/#over-under;3
226,https://www.oddsportal.com/baseball/usa/mlb-2016/seattle-mariners-cincinnati-reds-vX0IMgUp/#over-under;3
227,https://www.oddsportal.com/baseball/usa/mlb-2016/chicago-white-sox-arizona-diamondbacks-faPoSF6N/#over-under;3
228,https://www.oddsportal.com/baseball/usa/mlb-2016/oakland-athletics-chicago-cubs-dE6rTeiH/#over-under;3
229,https://www.oddsportal.com/baseball/usa/mlb-2016/houston-astros-atlanta-braves-2i7vUyxB/#over-under;3
230,https://www.oddsportal.com/baseball/usa/mlb-2016/miami-marlins-new-york-mets-SYERWwhh/#over-under;3
231,https://www.oddsportal.com/baseball/usa/mlb-2016/minnesota-twins-baltimore-orioles-K8BJYaNu/#over-under;3
232,https://www.oddsportal.com/baseball/usa/mlb-2016/new-york-yankees-philadelphia-phillies-6PDVVc7b/#over-under;3
233,https://www.oddsportal.com/baseball/usa/mlb-2016/pittsburgh-pirates-detroit-tigers-YBFNXJxn/#over-under;3
234,https://www.oddsportal.com/baseball/usa/mlb-2016/washington-nationals-st-louis-cardinals-O08zVHM4/#over-under;3
235,https://www.oddsportal.com/baseball/usa/mlb-2016/atlanta-braves-washington-nationals-YDA3SO06/#over-under;3
236,https://www.oddsportal.com/baseball/usa/mlb-2016/san-diego-padres-cleveland-indians-fNBaT4o0/#over-under;3
237,https://www.oddsportal.com/baseball/usa/mlb-2016/milwaukee-brewers-colorado-rockies-CbMfUpWg/#over-under;3
238,https://www.oddsportal.com/baseball/usa/mlb-2016/texas-rangers-oakland-athletics-beIjVQGm/#over-under;3
239,https://www.oddsportal.com/baseball/usa/mlb-2016/baltimore-orioles-minnesota-twins-tKoQE5W6/#over-under;3
240,https://www.oddsportal.com/baseball/usa/mlb-2016/boston-red-sox-miami-marlins-bedLFoH0/#over-under;3
241,https://www.oddsportal.com/baseball/usa/mlb-2016/detroit-tigers-pittsburgh-pirates-6cwCx9OD/#over-under;3
242,https://www.oddsportal.com/baseball/usa/mlb-2016/philadelphia-phillies-toronto-blue-jays-tzMOz2BG/#over-under;3
243,https://www.oddsportal.com/baseball/usa/mlb-2016/tampa-bay-rays-new-york-yankees-plxGyTwK/#over-under;3
244,https://www.oddsportal.com/baseball/usa/mlb-2016/colorado-rockies-cleveland-indians-K4cHGR1f/#over-under;3
245,https://www.oddsportal.com/baseball/usa/mlb-2016/san-diego-padres-chicago-white-sox-jVhDH7nl/#over-under;3
246,https://www.oddsportal.com/baseball/usa/mlb-2016/kansas-city-royals-arizona-diamondbacks-6cHtNTOQ/#over-under;3
247,https://www.oddsportal.com/baseball/usa/mlb-2016/los-angeles-dodgers-los-angeles-angels-hfDxO99K/#over-under;3
248,https://www.oddsportal.com/baseball/usa/mlb-2016/milwaukee-brewers-texas-rangers-bXDYOkfE/#over-under;3
249,https://www.oddsportal.com/baseball/usa/mlb-2016/san-francisco-giants-seattle-mariners-Cvf9ImXs/#over-under;3
250,https://www.oddsportal.com/baseball/usa/mlb-2016/toronto-blue-jays-boston-red-sox-p8SFxOt4/#over-under;3
251,https://www.oddsportal.com/baseball/usa/mlb-2016/houston-astros-detroit-tigers-8S4TSkuq/#over-under;3
252,https://www.oddsportal.com/baseball/usa/mlb-2016/minnesota-twins-miami-marlins-x8dpP7v8/#over-under;3
253,https://www.oddsportal.com/baseball/usa/mlb-2016/new-york-yankees-baltimore-orioles-6JI1XVWR/#over-under;3
254,https://www.oddsportal.com/baseball/usa/mlb-2016/pittsburgh-pirates-tampa-bay-rays-4fbxRT9e/#over-under;3
255,https://www.oddsportal.com/baseball/usa/mlb-2016/washington-nationals-new-york-mets-bHctQmP1/#over-under;3
256,https://www.oddsportal.com/baseball/usa/mlb-2016/washington-nationals-houston-astros-xpEcYBHL/#over-under;3
257,https://www.oddsportal.com/baseball/usa/mlb-2016/colorado-rockies-cincinnati-reds-bgFgZi2F/#over-under;3
258,https://www.oddsportal.com/baseball/usa/mlb-2016/los-angeles-angels-arizona-diamondbacks-GUPlzYn9/#over-under;3
259,https://www.oddsportal.com/baseball/usa/mlb-2016/seattle-mariners-chicago-cubs-4fMpyEX2/#over-under;3
260,https://www.oddsportal.com/baseball/usa/mlb-2016/cleveland-indians-san-diego-padres-jiY2CUf2/#over-under;3
261,https://www.oddsportal.com/baseball/usa/mlb-2016/milwaukee-brewers-san-francisco-giants-fPvfEjQk/#over-under;3
262,https://www.oddsportal.com/baseball/usa/mlb-2016/oakland-athletics-los-angeles-dodgers-C0ZbDAud/#over-under;3
263,https://www.oddsportal.com/baseball/usa/mlb-2016/new-york-mets-st-louis-cardinals-bggOJC2S/#over-under;3
264,https://www.oddsportal.com/baseball/usa/mlb-2016/boston-red-sox-minnesota-twins-GA17Nf33/#over-under;3
265,https://www.oddsportal.com/baseball/usa/mlb-2016/miami-marlins-atlanta-braves-Oz1BMEI9/#over-under;3
266,https://www.oddsportal.com/baseball/usa/mlb-2016/philadelphia-phillies-detroit-tigers-xK23Ozlc/#over-under;3
267,https://www.oddsportal.com/baseball/usa/mlb-2016/tampa-bay-rays-pittsburgh-pirates-2RaFLYXF/#over-under;3
268,https://www.oddsportal.com/baseball/usa/mlb-2016/arizona-diamondbacks-san-diego-padres-MBKG0Xej/#over-under;3
269,https://www.oddsportal.com/baseball/usa/mlb-2016/los-angeles-angels-los-angeles-dodgers-zFOKaiBd/#over-under;3
270,https://www.oddsportal.com/baseball/usa/mlb-2016/chicago-cubs-cleveland-indians-0z5WLsSb/#over-under;3
271,https://www.oddsportal.com/baseball/usa/mlb-2016/chicago-white-sox-oakland-athletics-SlLC1Dtp/#over-under;3
272,https://www.oddsportal.com/baseball/usa/mlb-2016/cincinnati-reds-texas-rangers-fc4zL1s5/#over-under;3
273,https://www.oddsportal.com/baseball/usa/mlb-2016/san-francisco-giants-colorado-rockies-Ym3vKLdB/#over-under;3
274,https://www.oddsportal.com/baseball/usa/mlb-2016/new-york-mets-new-york-yankees-2knTMNCh/#over-under;3
275,https://www.oddsportal.com/baseball/usa/mlb-2016/detroit-tigers-washington-nationals-KQdON3cn/#over-under;3
276,https://www.oddsportal.com/baseball/usa/mlb-2016/houston-astros-atlanta-braves-jBIA4tcO/#over-under;3
277,https://www.oddsportal.com/baseball/usa/mlb-2016/pittsburgh-pirates-boston-red-sox-U1HE30CU/#over-under;3
278,https://www.oddsportal.com/baseball/usa/mlb-2016/st-louis-cardinals-miami-marlins-tzbKOqrt/#over-under;3
279,https://www.oddsportal.com/baseball/usa/mlb-2016/tampa-bay-rays-toronto-blue-jays-Q39ixfVN/#over-under;3
280,https://www.oddsportal.com/baseball/usa/mlb-2016/san-francisco-giants-cincinnati-reds-fqP162SB/#over-under;3
281,https://www.oddsportal.com/baseball/usa/mlb-2016/chicago-cubs-los-angeles-dodgers-86BlBQDt/#over-under;3
282,https://www.oddsportal.com/baseball/usa/mlb-2016/chicago-white-sox-milwaukee-brewers-tK9d94rg/#over-under;3
283,https://www.oddsportal.com/baseball/usa/mlb-2016/cleveland-indians-seattle-mariners-MVQg8Oca/#over-under;3
284,https://www.oddsportal.com/baseball/usa/mlb-2016/kansas-city-royals-colorado-rockies-2TAhApTn/#over-under;3
285,https://www.oddsportal.com/baseball/usa/mlb-2016/oakland-athletics-texas-rangers-0MPc7rD5/#over-under;3
286,https://www.oddsportal.com/baseball/usa/mlb-2016/houston-astros-washington-nationals-MFxWhqbC/#over-under;3
287,https://www.oddsportal.com/baseball/usa/mlb-2016/atlanta-braves-new-york-mets-f3oFdRbm/#over-under;3
288,https://www.oddsportal.com/baseball/usa/mlb-2016/baltimore-orioles-boston-red-sox-lQpJeoEg/#over-under;3
289,https://www.oddsportal.com/baseball/usa/mlb-2016/detroit-tigers-tampa-bay-rays-jkszh3DI/#over-under;3
290,https://www.oddsportal.com/baseball/usa/mlb-2016/miami-marlins-new-york-yankees-00lNf5Ta/#over-under;3
291,https://www.oddsportal.com/baseball/usa/mlb-2016/philadelphia-phillies-pittsburgh-pirates-UutviNSO/#over-under;3
292,https://www.oddsportal.com/baseball/usa/mlb-2016/seattle-mariners-arizona-diamondbacks-GCnBc7qs/#over-under;3
293,https://www.oddsportal.com/baseball/usa/mlb-2016/los-angeles-dodgers-cleveland-indians-ULDhuQTC/#over-under;3
294,https://www.oddsportal.com/baseball/usa/mlb-2016/milwaukee-brewers-san-diego-padres-rPHdvpqJ/#over-under;3
295,https://www.oddsportal.com/baseball/usa/mlb-2016/texas-rangers-san-francisco-giants-ncOmt6E6/#over-under;3
296,https://www.oddsportal.com/baseball/usa/mlb-2016/toronto-blue-jays-atlanta-braves-M5PNrvnt/#over-under;3
297,https://www.oddsportal.com/baseball/usa/mlb-2016/baltimore-orioles-minnesota-twins-hGMXqlFs/#over-under;3
298,https://www.oddsportal.com/baseball/usa/mlb-2016/boston-red-sox-tampa-bay-rays-EVAtrSqf/#over-under;3
299,https://www.oddsportal.com/baseball/usa/mlb-2016/new-york-yankees-houston-astros-GfV5lU6Q/#over-under;3
300,https://www.oddsportal.com/baseball/usa/mlb-2016/pittsburgh-pirates-philadelphia-phillies-zuCxq8Um/#over-under;3
301,https://www.oddsportal.com/baseball/usa/mlb-2016/washington-nationals-miami-marlins-MXV1kAiK/#over-under;3
302,https://www.oddsportal.com/baseball/usa/mlb-2016/arizona-diamondbacks-chicago-cubs-6PmFR6aD/#over-under;3
303,https://www.oddsportal.com/baseball/usa/mlb-2016/los-angeles-angels-kansas-city-royals-rsXcjjxE/#over-under;3
304,https://www.oddsportal.com/baseball/usa/mlb-2016/cincinnati-reds-colorado-rockies-vDdbVl0l/#over-under;3
305,https://www.oddsportal.com/baseball/usa/mlb-2016/milwaukee-brewers-cleveland-indians-0McfWUpr/#over-under;3
306,https://www.oddsportal.com/baseball/usa/mlb-2016/san-francisco-giants-los-angeles-dodgers-YBk7TSU0/#over-under;3
307,https://www.oddsportal.com/baseball/usa/mlb-2016/texas-rangers-seattle-mariners-Myn3U8Ff/#over-under;3
308,https://www.oddsportal.com/baseball/usa/mlb-2016/new-york-mets-atlanta-braves-YDUQmcGF/#over-under;3
309,https://www.oddsportal.com/baseball/usa/mlb-2016/boston-red-sox-baltimore-orioles-phlWRFgd/#over-under;3
310,https://www.oddsportal.com/baseball/usa/mlb-2016/detroit-tigers-miami-marlins-61kSSevj/#over-under;3
311,https://www.oddsportal.com/baseball/usa/mlb-2016/philadelphia-phillies-new-york-yankees-fNVMlw19/#over-under;3
312,https://www.oddsportal.com/baseball/usa/mlb-2016/st-louis-cardinals-washington-nationals-bexEjaWd/#over-under;3
313,https://www.oddsportal.com/baseball/usa/mlb-2016/tampa-bay-rays-minnesota-twins-CbtIkJo3/#over-under;3
314,https://www.oddsportal.com/baseball/usa/mlb-2016/colorado-rockies-san-diego-padres-Otn3YHGS/#over-under;3
315,https://www.oddsportal.com/baseball/usa/mlb-2016/seattle-mariners-los-angeles-angels-UJnaZc1M/#over-under;3
316,https://www.oddsportal.com/baseball/usa/mlb-2016/chicago-cubs-cincinnati-reds-GGrezvnG/#over-under;3
317,https://www.oddsportal.com/baseball/usa/mlb-2016/kansas-city-royals-chicago-white-sox-YigjyKW9/#over-under;3
318,https://www.oddsportal.com/baseball/usa/mlb-2016/los-angeles-dodgers-arizona-diamondbacks-f1fnx0H3/#over-under;3
319,https://www.oddsportal.com/baseball/usa/mlb-2016/oakland-athletics-milwaukee-brewers-QRkrwt2c/#over-under;3
320,https://www.oddsportal.com/baseball/usa/mlb-2016/toronto-blue-jays-philadelphia-phillies-21d1RxH5/#over-under;3
321,https://www.oddsportal.com/baseball/usa/mlb-2016/atlanta-braves-pittsburgh-pirates-pWCeFxAj/#over-under;3
322,https://www.oddsportal.com/baseball/usa/mlb-2016/houston-astros-new-york-mets-U57QKbnT/#over-under;3
323,https://www.oddsportal.com/baseball/usa/mlb-2016/miami-marlins-st-louis-cardinals-nofhGIfp/#over-under;3
324,https://www.oddsportal.com/baseball/usa/mlb-2016/new-york-yankees-boston-red-sox-YwEHMKHG/#over-under;3
325,https://www.oddsportal.com/baseball/usa/mlb-2016/washington-nationals-detroit-tigers-fmFDN02A/#over-under;3
326,https://www.oddsportal.com/baseball/usa/mlb-2016/san-diego-padres-kansas-city-royals-0QF9Otm4/#over-under;3
327,https://www.oddsportal.com/baseball/usa/mlb-2016/chicago-cubs-los-angeles-angels-b1ZE2aQp/#over-under;3
328,https://www.oddsportal.com/baseball/usa/mlb-2016/chicago-white-sox-cleveland-indians-dhmm7uIT/#over-under;3
329,https://www.oddsportal.com/baseball/usa/mlb-2016/cincinnati-reds-san-francisco-giants-nNB5PMXc/#over-under;3
330,https://www.oddsportal.com/baseball/usa/mlb-2016/milwaukee-brewers-seattle-mariners-Q7NdRr3o/#over-under;3
331,https://www.oddsportal.com/baseball/usa/mlb-2016/texas-rangers-los-angeles-dodgers-4bM0Q2Ii/#over-under;3
332,https://www.oddsportal.com/baseball/usa/mlb-2016/toronto-blue-jays-baltimore-orioles-Sr4lUvXn/#over-under;3
333,https://www.oddsportal.com/baseball/usa/mlb-2016/boston-red-sox-tampa-bay-rays-SCeWANI4/#over-under;3
334,https://www.oddsportal.com/baseball/usa/mlb-2016/detroit-tigers-new-york-yankees-Wp2NCqlh/#over-under;3
335,https://www.oddsportal.com/baseball/usa/mlb-2016/houston-astros-st-louis-cardinals-63fzAsYA/#over-under;3
336,https://www.oddsportal.com/baseball/usa/mlb-2016/philadelphia-phillies-atlanta-braves-Ay1RB33b/#over-under;3
337,https://www.oddsportal.com/baseball/usa/mlb-2016/pittsburgh-pirates-minnesota-twins-xO2JDPYo/#over-under;3
338,https://www.oddsportal.com/baseball/usa/mlb-2016/minnesota-twins-boston-red-sox-QmaFE5Ju/#over-under;3
339,https://www.oddsportal.com/baseball/usa/mlb-2016/arizona-diamondbacks-colorado-rockies-jXs3BZiI/#over-under;3
340,https://www.oddsportal.com/baseball/usa/mlb-2016/los-angeles-angels-oakland-athletics-K6n7Ag7O/#over-under;3
341,https://www.oddsportal.com/baseball/usa/mlb-2016/san-diego-padres-seattle-mariners-bcoB9DMU/#over-under;3
342,https://www.oddsportal.com/baseball/usa/mlb-2016/cleveland-indians-cincinnati-reds-UHgfDeN5/#over-under;3
343,https://www.oddsportal.com/baseball/usa/mlb-2016/kansas-city-royals-texas-rangers-GEkjEy8a/#over-under;3
344,https://www.oddsportal.com/baseball/usa/mlb-2016/los-angeles-dodgers-chicago-white-sox-CtqaCFxC/#over-under;3
345,https://www.oddsportal.com/baseball/usa/mlb-2016/atlanta-braves-detroit-tigers-vFcIY5gE/#over-under;3
346,https://www.oddsportal.com/baseball/usa/mlb-2016/pittsburgh-pirates-toronto-blue-jays-ADKzBHWO/#over-under;3
347,https://www.oddsportal.com/baseball/usa/mlb-2016/st-louis-cardinals-miami-marlins-GvLoHwOt/#over-under;3
348,https://www.oddsportal.com/baseball/usa/mlb-2016/tampa-bay-rays-baltimore-orioles-QB9zAMGD/#over-under;3
349,https://www.oddsportal.com/baseball/usa/mlb-2016/washington-nationals-new-york-mets-r1irGcwm/#over-under;3
350,https://www.oddsportal.com/baseball/usa/mlb-2016/colorado-rockies-arizona-diamondbacks-jgHNCOWf/#over-under;3
351,https://www.oddsportal.com/baseball/usa/mlb-2016/seattle-mariners-san-diego-padres-UqGRBrn1/#over-under;3
352,https://www.oddsportal.com/baseball/usa/mlb-2016/cincinnati-reds-cleveland-indians-QBXrK6vL/#over-under;3
353,https://www.oddsportal.com/baseball/usa/mlb-2016/kansas-city-royals-texas-rangers-rTDFEp2r/#over-under;3
354,https://www.oddsportal.com/baseball/usa/mlb-2016/san-francisco-giants-los-angeles-angels-xnymJQgR/#over-under;3
355,https://www.oddsportal.com/baseball/usa/mlb-2016/toronto-blue-jays-philadelphia-phillies-WMLWBcHI/#over-under;3
356,https://www.oddsportal.com/baseball/usa/mlb-2016/baltimore-orioles-atlanta-braves-xjilbPH1/#over-under;3
357,https://www.oddsportal.com/baseball/usa/mlb-2016/boston-red-sox-minnesota-twins-hbZzMS98/#over-under;3
358,https://www.oddsportal.com/baseball/usa/mlb-2016/tampa-bay-rays-washington-nationals-GtjhcqX7/#over-under;3
359,https://www.oddsportal.com/baseball/usa/mlb-2016/cleveland-indians-cincinnati-reds-n1by1RXr/#over-under;3
360,https://www.oddsportal.com/baseball/usa/mlb-2016/atlanta-braves-baltimore-orioles-byE17TfF/#over-under;3
361,https://www.oddsportal.com/baseball/usa/mlb-2016/detroit-tigers-pittsburgh-pirates-xSC56mAL/#over-under;3
362,https://www.oddsportal.com/baseball/usa/mlb-2016/philadelphia-phillies-toronto-blue-jays-OdIODJn6/#over-under;3
