﻿,0
0,https://www.oddsportal.com/baseball/usa/mlb-2014/los-angeles-angels-new-york-yankees-rqQnVVu8/#over-under;3
1,https://www.oddsportal.com/baseball/usa/mlb-2014/los-angeles-angels-los-angeles-dodgers-AFHkk4NI/#over-under;3
2,https://www.oddsportal.com/baseball/usa/mlb-2014/arizona-diamondbacks-chicago-cubs-hvNpjp8C/#over-under;3
3,https://www.oddsportal.com/baseball/usa/mlb-2014/san-diego-padres-cleveland-indians-CdTciZnk/#over-under;3
4,https://www.oddsportal.com/baseball/usa/mlb-2014/oakland-athletics-san-francisco-giants-KQOxh6w0/#over-under;3
5,https://www.oddsportal.com/baseball/usa/mlb-2014/colorado-rockies-seattle-mariners-6NKYhnOg/#over-under;3
6,https://www.oddsportal.com/baseball/usa/mlb-2014/milwaukee-brewers-kansas-city-royals-ObVTgS8m/#over-under;3
7,https://www.oddsportal.com/baseball/usa/mlb-2014/washington-nationals-detroit-tigers-fLYhhFXr/#over-under;3
8,https://www.oddsportal.com/baseball/usa/mlb-2014/boston-red-sox-minnesota-twins-jmS1jg2e/#over-under;3
9,https://www.oddsportal.com/baseball/usa/mlb-2014/new-york-yankees-miami-marlins-pAR5kDH1/#over-under;3
10,https://www.oddsportal.com/baseball/usa/mlb-2014/philadelphia-phillies-pittsburgh-pirates-0I9hDG98/#over-under;3
11,https://www.oddsportal.com/baseball/usa/mlb-2014/toronto-blue-jays-new-york-mets-bDV9lXW7/#over-under;3
12,https://www.oddsportal.com/baseball/usa/mlb-2014/san-francisco-giants-oakland-athletics-hCnRdePR/#over-under;3
13,https://www.oddsportal.com/baseball/usa/mlb-2014/los-angeles-dodgers-los-angeles-angels-bkmNcyAL/#over-under;3
14,https://www.oddsportal.com/baseball/usa/mlb-2014/seattle-mariners-colorado-rockies-nFqJbHfF/#over-under;3
15,https://www.oddsportal.com/baseball/usa/mlb-2014/arizona-diamondbacks-chicago-cubs-4jfEacu9/#over-under;3
16,https://www.oddsportal.com/baseball/usa/mlb-2014/san-diego-padres-cleveland-indians-6LgumKe3/#over-under;3
17,https://www.oddsportal.com/baseball/usa/mlb-2014/milwaukee-brewers-kansas-city-royals-QaeA0wQ2/#over-under;3
18,https://www.oddsportal.com/baseball/usa/mlb-2014/texas-rangers-houston-astros-bg3OxzYe/#over-under;3
19,https://www.oddsportal.com/baseball/usa/mlb-2014/new-york-yankees-miami-marlins-pnNmqxeS/#over-under;3
20,https://www.oddsportal.com/baseball/usa/mlb-2014/philadelphia-phillies-pittsburgh-pirates-GUDJwGIk/#over-under;3
21,https://www.oddsportal.com/baseball/usa/mlb-2014/toronto-blue-jays-new-york-mets-2R9Fvd3q/#over-under;3
22,https://www.oddsportal.com/baseball/usa/mlb-2014/detroit-tigers-tampa-bay-rays-vZimobQF/#over-under;3
23,https://www.oddsportal.com/baseball/usa/mlb-2014/minnesota-twins-boston-red-sox-6eOqpIuM/#over-under;3
24,https://www.oddsportal.com/baseball/usa/mlb-2014/san-francisco-giants-oakland-athletics-hIkyl0tc/#over-under;3
25,https://www.oddsportal.com/baseball/usa/mlb-2014/los-angeles-dodgers-los-angeles-angels-jDBhPG3d/#over-under;3
26,https://www.oddsportal.com/baseball/usa/mlb-2014/baltimore-orioles-tampa-bay-rays-rm8pRxZq/#over-under;3
27,https://www.oddsportal.com/baseball/usa/mlb-2014/boston-red-sox-minnesota-twins-CMClQdlj/#over-under;3
28,https://www.oddsportal.com/baseball/usa/mlb-2014/chicago-cubs-chicago-white-sox-bFWDWbBM/#over-under;3
29,https://www.oddsportal.com/baseball/usa/mlb-2014/detroit-tigers-atlanta-braves-IaygyNdi/#over-under;3
30,https://www.oddsportal.com/baseball/usa/mlb-2014/philadelphia-phillies-toronto-blue-jays-djzczsCc/#over-under;3
31,https://www.oddsportal.com/baseball/usa/mlb-2014/pittsburgh-pirates-new-york-yankees-ERU1Z0R3/#over-under;3
32,https://www.oddsportal.com/baseball/usa/mlb-2014/st-louis-cardinals-miami-marlins-hIT5YKtA/#over-under;3
33,https://www.oddsportal.com/baseball/usa/mlb-2014/new-york-mets-washington-nationals-4dmBCwKj/#over-under;3
34,https://www.oddsportal.com/baseball/usa/mlb-2014/houston-astros-new-york-mets-jgq7DJ4p/#over-under;3
35,https://www.oddsportal.com/baseball/usa/mlb-2014/arizona-diamondbacks-chicago-cubs-pC6vIadT/#over-under;3
36,https://www.oddsportal.com/baseball/usa/mlb-2014/chicago-white-sox-cincinnati-reds-K49SK1CA/#over-under;3
37,https://www.oddsportal.com/baseball/usa/mlb-2014/cleveland-indians-milwaukee-brewers-be8WJLRG/#over-under;3
38,https://www.oddsportal.com/baseball/usa/mlb-2014/san-francisco-giants-colorado-rockies-6L7zJusN/#over-under;3
39,https://www.oddsportal.com/baseball/usa/mlb-2014/oakland-athletics-los-angeles-angels-294yD7FP/#over-under;3
40,https://www.oddsportal.com/baseball/usa/mlb-2014/san-diego-padres-kansas-city-royals-6y077owm/#over-under;3
41,https://www.oddsportal.com/baseball/usa/mlb-2014/texas-rangers-seattle-mariners-OCA28RNt/#over-under;3
42,https://www.oddsportal.com/baseball/usa/mlb-2014/atlanta-braves-miami-marlins-UFGFN3Si/#over-under;3
43,https://www.oddsportal.com/baseball/usa/mlb-2014/minnesota-twins-pittsburgh-pirates-E7YSa0zo/#over-under;3
44,https://www.oddsportal.com/baseball/usa/mlb-2014/philadelphia-phillies-detroit-tigers-OxGJMNsb/#over-under;3
45,https://www.oddsportal.com/baseball/usa/mlb-2014/st-louis-cardinals-washington-nationals-xtKNLsc4/#over-under;3
46,https://www.oddsportal.com/baseball/usa/mlb-2014/toronto-blue-jays-new-york-yankees-jPHBOqDo/#over-under;3
47,https://www.oddsportal.com/baseball/usa/mlb-2014/kansas-city-royals-seattle-mariners-rLBeI8jC/#over-under;3
48,https://www.oddsportal.com/baseball/usa/mlb-2014/new-york-yankees-philadelphia-phillies-pzghJly6/#over-under;3
49,https://www.oddsportal.com/baseball/usa/mlb-2014/chicago-white-sox-colorado-rockies-ADO8RCTP/#over-under;3
50,https://www.oddsportal.com/baseball/usa/mlb-2014/cleveland-indians-texas-rangers-Gf1yNWys/#over-under;3
51,https://www.oddsportal.com/baseball/usa/mlb-2014/milwaukee-brewers-san-francisco-giants-fo0uMjim/#over-under;3
52,https://www.oddsportal.com/baseball/usa/mlb-2014/oakland-athletics-cincinnati-reds-OK4qLA6g/#over-under;3
53,https://www.oddsportal.com/baseball/usa/mlb-2014/detroit-tigers-atlanta-braves-jiID7ixf/#over-under;3
54,https://www.oddsportal.com/baseball/usa/mlb-2014/miami-marlins-st-louis-cardinals-r7WM39yJ/#over-under;3
55,https://www.oddsportal.com/baseball/usa/mlb-2014/minnesota-twins-baltimore-orioles-pEHH6Bi0/#over-under;3
56,https://www.oddsportal.com/baseball/usa/mlb-2014/pittsburgh-pirates-toronto-blue-jays-4GXI4kMC/#over-under;3
57,https://www.oddsportal.com/baseball/usa/mlb-2014/tampa-bay-rays-boston-red-sox-dAK4ShEJ/#over-under;3
58,https://www.oddsportal.com/baseball/usa/mlb-2014/washington-nationals-new-york-mets-O4GL5V66/#over-under;3
59,https://www.oddsportal.com/baseball/usa/mlb-2014/chicago-cubs-san-diego-padres-nT2eLFdr/#over-under;3
60,https://www.oddsportal.com/baseball/usa/mlb-2014/atlanta-braves-houston-astros-lOJj2d0E/#over-under;3
61,https://www.oddsportal.com/baseball/usa/mlb-2014/colorado-rockies-kansas-city-royals-AXKn3xo8/#over-under;3
62,https://www.oddsportal.com/baseball/usa/mlb-2014/cincinnati-reds-cleveland-indians-dGH5vg87/#over-under;3
63,https://www.oddsportal.com/baseball/usa/mlb-2014/los-angeles-angels-san-francisco-giants-McPhseOl/#over-under;3
64,https://www.oddsportal.com/baseball/usa/mlb-2014/seattle-mariners-chicago-white-sox-z1TdtFwe/#over-under;3
65,https://www.oddsportal.com/baseball/usa/mlb-2014/texas-rangers-oakland-athletics-IPI1uZh1/#over-under;3
66,https://www.oddsportal.com/baseball/usa/mlb-2014/new-york-mets-st-louis-cardinals-SzQlry9r/#over-under;3
67,https://www.oddsportal.com/baseball/usa/mlb-2014/baltimore-orioles-boston-red-sox-O2s6ja12/#over-under;3
68,https://www.oddsportal.com/baseball/usa/mlb-2014/miami-marlins-washington-nationals-QRwNnH0R/#over-under;3
69,https://www.oddsportal.com/baseball/usa/mlb-2014/minnesota-twins-tampa-bay-rays-zwoAkJG8/#over-under;3
70,https://www.oddsportal.com/baseball/usa/mlb-2014/pittsburgh-pirates-detroit-tigers-8jqImcoL/#over-under;3
71,https://www.oddsportal.com/baseball/usa/mlb-2014/toronto-blue-jays-philadelphia-phillies-UapElwWE/#over-under;3
72,https://www.oddsportal.com/baseball/usa/mlb-2014/colorado-rockies-chicago-white-sox-KUGPs7c2/#over-under;3
73,https://www.oddsportal.com/baseball/usa/mlb-2014/cincinnati-reds-milwaukee-brewers-C4DHqTSk/#over-under;3
74,https://www.oddsportal.com/baseball/usa/mlb-2014/los-angeles-angels-cleveland-indians-vDdu3HTA/#over-under;3
75,https://www.oddsportal.com/baseball/usa/mlb-2014/san-francisco-giants-kansas-city-royals-tvILrmrd/#over-under;3
76,https://www.oddsportal.com/baseball/usa/mlb-2014/texas-rangers-san-diego-padres-YDEDp9Dq/#over-under;3
77,https://www.oddsportal.com/baseball/usa/mlb-2014/baltimore-orioles-pittsburgh-pirates-E9DHmxUN/#over-under;3
78,https://www.oddsportal.com/baseball/usa/mlb-2014/boston-red-sox-tampa-bay-rays-dY2MndqU/#over-under;3
79,https://www.oddsportal.com/baseball/usa/mlb-2014/detroit-tigers-miami-marlins-YgflrGio/#over-under;3
80,https://www.oddsportal.com/baseball/usa/mlb-2014/new-york-yankees-toronto-blue-jays-ncrW6aUo/#over-under;3
81,https://www.oddsportal.com/baseball/usa/mlb-2014/philadelphia-phillies-minnesota-twins-6abX4wab/#over-under;3
82,https://www.oddsportal.com/baseball/usa/mlb-2014/st-louis-cardinals-houston-astros-pjcy4cE4/#over-under;3
83,https://www.oddsportal.com/baseball/usa/mlb-2014/chicago-cubs-cincinnati-reds-zJEDlIEH/#over-under;3
84,https://www.oddsportal.com/baseball/usa/mlb-2014/kansas-city-royals-texas-rangers-pUL0iKUb/#over-under;3
85,https://www.oddsportal.com/baseball/usa/mlb-2014/milwaukee-brewers-los-angeles-angels-ShB5jvp5/#over-under;3
86,https://www.oddsportal.com/baseball/usa/mlb-2014/atlanta-braves-boston-red-sox-SvWWyuVB/#over-under;3
87,https://www.oddsportal.com/baseball/usa/mlb-2014/toronto-blue-jays-detroit-tigers-pGtSxLF5/#over-under;3
88,https://www.oddsportal.com/baseball/usa/mlb-2014/houston-astros-st-louis-cardinals-trzyyapI/#over-under;3
89,https://www.oddsportal.com/baseball/usa/mlb-2014/minnesota-twins-new-york-yankees-6PsOw10a/#over-under;3
90,https://www.oddsportal.com/baseball/usa/mlb-2014/pittsburgh-pirates-philadelphia-phillies-EeYrZxFU/#over-under;3
91,https://www.oddsportal.com/baseball/usa/mlb-2014/tampa-bay-rays-baltimore-orioles-EV4kfMpt/#over-under;3
92,https://www.oddsportal.com/baseball/usa/mlb-2014/seattle-mariners-san-diego-padres-barKvsog/#over-under;3
93,https://www.oddsportal.com/baseball/usa/mlb-2014/san-francisco-giants-oakland-athletics-K8qGuNVn/#over-under;3
94,https://www.oddsportal.com/baseball/usa/mlb-2014/colorado-rockies-cleveland-indians-0O2qoq8P/#over-under;3
95,https://www.oddsportal.com/baseball/usa/mlb-2014/texas-rangers-milwaukee-brewers-nLE1MaVO/#over-under;3
96,https://www.oddsportal.com/baseball/usa/mlb-2014/houston-astros-miami-marlins-OtUyS31m/#over-under;3
97,https://www.oddsportal.com/baseball/usa/mlb-2014/minnesota-twins-new-york-mets-pjVXSqns/#over-under;3
98,https://www.oddsportal.com/baseball/usa/mlb-2014/philadelphia-phillies-boston-red-sox-65JtRNGg/#over-under;3
99,https://www.oddsportal.com/baseball/usa/mlb-2014/st-louis-cardinals-washington-nationals-IuNpQsWa/#over-under;3
100,https://www.oddsportal.com/baseball/usa/mlb-2014/tampa-bay-rays-toronto-blue-jays-C2MlP1o6/#over-under;3
101,https://www.oddsportal.com/baseball/usa/mlb-2014/san-diego-padres-san-francisco-giants-E7v2Y5OJ/#over-under;3
102,https://www.oddsportal.com/baseball/usa/mlb-2014/boston-red-sox-new-york-yankees-4xcBBrH6/#over-under;3
103,https://www.oddsportal.com/baseball/usa/mlb-2014/pittsburgh-pirates-baltimore-orioles-badFA2WC/#over-under;3
104,https://www.oddsportal.com/baseball/usa/mlb-2014/tampa-bay-rays-minnesota-twins-C20J9MoJ/#over-under;3
105,https://www.oddsportal.com/baseball/usa/mlb-2014/colorado-rockies-milwaukee-brewers-Qob7CO10/#over-under;3
106,https://www.oddsportal.com/baseball/usa/mlb-2014/chicago-cubs-seattle-mariners-KYS6EpXm/#over-under;3
107,https://www.oddsportal.com/baseball/usa/mlb-2014/cincinnati-reds-texas-rangers-bPRAD4nf/#over-under;3
108,https://www.oddsportal.com/baseball/usa/mlb-2014/kansas-city-royals-los-angeles-angels-QBT2FQHs/#over-under;3
109,https://www.oddsportal.com/baseball/usa/mlb-2014/new-york-mets-atlanta-braves-EZ0ZWhmF/#over-under;3
110,https://www.oddsportal.com/baseball/usa/mlb-2014/miami-marlins-st-louis-cardinals-WABUXYX8/#over-under;3
111,https://www.oddsportal.com/baseball/usa/mlb-2014/washington-nationals-detroit-tigers-hKCQYEI2/#over-under;3
112,https://www.oddsportal.com/baseball/usa/mlb-2014/colorado-rockies-chicago-cubs-QDKvBBQe/#over-under;3
113,https://www.oddsportal.com/baseball/usa/mlb-2014/kansas-city-royals-cincinnati-reds-rkVZBiBk/#over-under;3
114,https://www.oddsportal.com/baseball/usa/mlb-2014/boston-red-sox-pittsburgh-pirates-WERVCXeq/#over-under;3
115,https://www.oddsportal.com/baseball/usa/mlb-2014/washington-nationals-houston-astros-EZv4HDmS/#over-under;3
116,https://www.oddsportal.com/baseball/usa/mlb-2014/chicago-white-sox-los-angeles-angels-vHniKF39/#over-under;3
117,https://www.oddsportal.com/baseball/usa/mlb-2014/cleveland-indians-oakland-athletics-I7oeJZIF/#over-under;3
118,https://www.oddsportal.com/baseball/usa/mlb-2014/seattle-mariners-milwaukee-brewers-zqt0IgYL/#over-under;3
119,https://www.oddsportal.com/baseball/usa/mlb-2014/atlanta-braves-new-york-yankees-WjqqMyZd/#over-under;3
120,https://www.oddsportal.com/baseball/usa/mlb-2014/baltimore-orioles-tampa-bay-rays-je6dbYtj/#over-under;3
121,https://www.oddsportal.com/baseball/usa/mlb-2014/st-louis-cardinals-minnesota-twins-pfmmLel3/#over-under;3
122,https://www.oddsportal.com/baseball/usa/mlb-2014/toronto-blue-jays-philadelphia-phillies-Uo50chdd/#over-under;3
123,https://www.oddsportal.com/baseball/usa/mlb-2014/cleveland-indians-san-francisco-giants-tMKQ3fJS/#over-under;3
124,https://www.oddsportal.com/baseball/usa/mlb-2014/seattle-mariners-san-diego-padres-rV6haERq/#over-under;3
125,https://www.oddsportal.com/baseball/usa/mlb-2014/minnesota-twins-tampa-bay-rays-bcVL4z4M/#over-under;3
126,https://www.oddsportal.com/baseball/usa/mlb-2014/chicago-white-sox-oakland-athletics-jXRD6dZ9/#over-under;3
127,https://www.oddsportal.com/baseball/usa/mlb-2014/miami-marlins-houston-astros-CtT97xK3/#over-under;3
128,https://www.oddsportal.com/baseball/usa/mlb-2014/new-york-yankees-boston-red-sox-f5Y48I4c/#over-under;3
129,https://www.oddsportal.com/baseball/usa/mlb-2014/kansas-city-royals-texas-rangers-YL09vvjH/#over-under;3
130,https://www.oddsportal.com/baseball/usa/mlb-2014/cincinnati-reds-cleveland-indians-C6C0t0L4/#over-under;3
131,https://www.oddsportal.com/baseball/usa/mlb-2014/milwaukee-brewers-chicago-white-sox-4t9hrMjh/#over-under;3
132,https://www.oddsportal.com/baseball/usa/mlb-2014/san-diego-padres-colorado-rockies-jcB4uKzB/#over-under;3
133,https://www.oddsportal.com/baseball/usa/mlb-2014/boston-red-sox-st-louis-cardinals-UPBLuTUg/#over-under;3
134,https://www.oddsportal.com/baseball/usa/mlb-2014/detroit-tigers-washington-nationals-OnBPvmp0/#over-under;3
135,https://www.oddsportal.com/baseball/usa/mlb-2014/houston-astros-atlanta-braves-2wATw7a6/#over-under;3
136,https://www.oddsportal.com/baseball/usa/mlb-2014/miami-marlins-new-york-mets-AsGqprMu/#over-under;3
137,https://www.oddsportal.com/baseball/usa/mlb-2014/pittsburgh-pirates-new-york-yankees-b53xxoUI/#over-under;3
138,https://www.oddsportal.com/baseball/usa/mlb-2014/arizona-diamondbacks-milwaukee-brewers-GM7Ht9Fm/#over-under;3
139,https://www.oddsportal.com/baseball/usa/mlb-2014/cincinnati-reds-oakland-athletics-bNIwliND/#over-under;3
140,https://www.oddsportal.com/baseball/usa/mlb-2014/los-angeles-angels-seattle-mariners-tnlgtu47/#over-under;3
141,https://www.oddsportal.com/baseball/usa/mlb-2014/los-angeles-dodgers-colorado-rockies-xEHsmBxK/#over-under;3
142,https://www.oddsportal.com/baseball/usa/mlb-2014/san-diego-padres-kansas-city-royals-WlWpnViQ/#over-under;3
143,https://www.oddsportal.com/baseball/usa/mlb-2014/texas-rangers-chicago-white-sox-fkhcuaJD/#over-under;3
144,https://www.oddsportal.com/baseball/usa/mlb-2014/minnesota-twins-miami-marlins-ri66kqsL/#over-under;3
145,https://www.oddsportal.com/baseball/usa/mlb-2014/new-york-yankees-atlanta-braves-fR9Al3dR/#over-under;3
146,https://www.oddsportal.com/baseball/usa/mlb-2014/philadelphia-phillies-pittsburgh-pirates-8Ykor1Zf/#over-under;3
147,https://www.oddsportal.com/baseball/usa/mlb-2014/tampa-bay-rays-boston-red-sox-nPlksLl1/#over-under;3
148,https://www.oddsportal.com/baseball/usa/mlb-2014/toronto-blue-jays-baltimore-orioles-C6dxpN4r/#over-under;3
149,https://www.oddsportal.com/baseball/usa/mlb-2014/boston-red-sox-philadelphia-phillies-MyIci5C8/#over-under;3
150,https://www.oddsportal.com/baseball/usa/mlb-2014/colorado-rockies-los-angeles-angels-YLOFSLZ7/#over-under;3
151,https://www.oddsportal.com/baseball/usa/mlb-2014/cleveland-indians-arizona-diamondbacks-2XpXzpSR/#over-under;3
152,https://www.oddsportal.com/baseball/usa/mlb-2014/milwaukee-brewers-cincinnati-reds-4tXbW3zq/#over-under;3
153,https://www.oddsportal.com/baseball/usa/mlb-2014/atlanta-braves-st-louis-cardinals-l8VRwnr9/#over-under;3
154,https://www.oddsportal.com/baseball/usa/mlb-2014/baltimore-orioles-new-york-yankees-YamuGrj2/#over-under;3
155,https://www.oddsportal.com/baseball/usa/mlb-2014/detroit-tigers-houston-astros-z5RNvSS2/#over-under;3
156,https://www.oddsportal.com/baseball/usa/mlb-2014/miami-marlins-washington-nationals-MLTZyQCL/#over-under;3
157,https://www.oddsportal.com/baseball/usa/mlb-2014/cincinnati-reds-texas-rangers-QZqXH4Lk/#over-under;3
158,https://www.oddsportal.com/baseball/usa/mlb-2014/miami-marlins-new-york-mets-nqoTIp6q/#over-under;3
159,https://www.oddsportal.com/baseball/usa/mlb-2014/chicago-cubs-los-angeles-dodgers-lfjgPnTF/#over-under;3
160,https://www.oddsportal.com/baseball/usa/mlb-2014/chicago-white-sox-cleveland-indians-EybtSlqc/#over-under;3
161,https://www.oddsportal.com/baseball/usa/mlb-2014/kansas-city-royals-oakland-athletics-hSdpR8b3/#over-under;3
162,https://www.oddsportal.com/baseball/usa/mlb-2014/milwaukee-brewers-arizona-diamondbacks-A3ikQSD9/#over-under;3
163,https://www.oddsportal.com/baseball/usa/mlb-2014/san-diego-padres-los-angeles-angels-rHkcO6rM/#over-under;3
164,https://www.oddsportal.com/baseball/usa/mlb-2014/atlanta-braves-tampa-bay-rays-46Gk5Ryp/#over-under;3
165,https://www.oddsportal.com/baseball/usa/mlb-2014/detroit-tigers-washington-nationals-tQfEOFx5/#over-under;3
166,https://www.oddsportal.com/baseball/usa/mlb-2014/houston-astros-st-louis-cardinals-nV5f4oij/#over-under;3
167,https://www.oddsportal.com/baseball/usa/mlb-2014/pittsburgh-pirates-philadelphia-phillies-0Y9b356d/#over-under;3
168,https://www.oddsportal.com/baseball/usa/mlb-2014/toronto-blue-jays-boston-red-sox-StgMMg7H/#over-under;3
169,https://www.oddsportal.com/baseball/usa/mlb-2014/oakland-athletics-colorado-rockies-vcYdlyai/#over-under;3
170,https://www.oddsportal.com/baseball/usa/mlb-2014/texas-rangers-san-francisco-giants-xhfEPiMj/#over-under;3
171,https://www.oddsportal.com/baseball/usa/mlb-2014/arizona-diamondbacks-seattle-mariners-b1eAQX6p/#over-under;3
172,https://www.oddsportal.com/baseball/usa/mlb-2014/cleveland-indians-kansas-city-royals-SI4vWgqN/#over-under;3
173,https://www.oddsportal.com/baseball/usa/mlb-2014/los-angeles-angels-chicago-white-sox-WjBVXFEA/#over-under;3
174,https://www.oddsportal.com/baseball/usa/mlb-2014/los-angeles-dodgers-cincinnati-reds-pfFZWZTG/#over-under;3
175,https://www.oddsportal.com/baseball/usa/mlb-2014/san-diego-padres-milwaukee-brewers-693rVDbT/#over-under;3
176,https://www.oddsportal.com/baseball/usa/mlb-2014/detroit-tigers-miami-marlins-2wGTwTOA/#over-under;3
177,https://www.oddsportal.com/baseball/usa/mlb-2014/minnesota-twins-boston-red-sox-6BMKukfb/#over-under;3
178,https://www.oddsportal.com/baseball/usa/mlb-2014/st-louis-cardinals-atlanta-braves-YcOCsBPo/#over-under;3
179,https://www.oddsportal.com/baseball/usa/mlb-2014/tampa-bay-rays-pittsburgh-pirates-A3Jyx7gN/#over-under;3
180,https://www.oddsportal.com/baseball/usa/mlb-2014/toronto-blue-jays-houston-astros-KEQOv994/#over-under;3
181,https://www.oddsportal.com/baseball/usa/mlb-2014/washington-nationals-new-york-mets-Y5IyJRno/#over-under;3
182,https://www.oddsportal.com/baseball/usa/mlb-2014/seattle-mariners-chicago-cubs-d0Rx3x3N/#over-under;3
183,https://www.oddsportal.com/baseball/usa/mlb-2014/cleveland-indians-san-diego-padres-vZXrMa3o/#over-under;3
184,https://www.oddsportal.com/baseball/usa/mlb-2014/oakland-athletics-kansas-city-royals-CnWjKwYc/#over-under;3
185,https://www.oddsportal.com/baseball/usa/mlb-2014/san-francisco-giants-chicago-white-sox-0YXT4bYA/#over-under;3
186,https://www.oddsportal.com/baseball/usa/mlb-2014/new-york-mets-st-louis-cardinals-n5O3HyIG/#over-under;3
187,https://www.oddsportal.com/baseball/usa/mlb-2014/baltimore-orioles-philadelphia-phillies-4teUXd2c/#over-under;3
188,https://www.oddsportal.com/baseball/usa/mlb-2014/minnesota-twins-pittsburgh-pirates-Cn8rAgAj/#over-under;3
189,https://www.oddsportal.com/baseball/usa/mlb-2014/new-york-yankees-detroit-tigers-MHkZWGH3/#over-under;3
190,https://www.oddsportal.com/baseball/usa/mlb-2014/toronto-blue-jays-tampa-bay-rays-0C4vBZfp/#over-under;3
191,https://www.oddsportal.com/baseball/usa/mlb-2014/arizona-diamondbacks-cleveland-indians-jy21RHhn/#over-under;3
192,https://www.oddsportal.com/baseball/usa/mlb-2014/chicago-cubs-colorado-rockies-xYySCIwg/#over-under;3
193,https://www.oddsportal.com/baseball/usa/mlb-2014/chicago-white-sox-texas-rangers-CAWj7E7U/#over-under;3
194,https://www.oddsportal.com/baseball/usa/mlb-2014/cincinnati-reds-san-francisco-giants-pb15Qy8h/#over-under;3
195,https://www.oddsportal.com/baseball/usa/mlb-2014/kansas-city-royals-los-angeles-dodgers-YJXn8fhO/#over-under;3
196,https://www.oddsportal.com/baseball/usa/mlb-2014/los-angeles-angels-seattle-mariners-vcYr9zwI/#over-under;3
197,https://www.oddsportal.com/baseball/usa/mlb-2014/san-diego-padres-oakland-athletics-Cp3cScwt/#over-under;3
198,https://www.oddsportal.com/baseball/usa/mlb-2014/atlanta-braves-philadelphia-phillies-nP4Dwb5N/#over-under;3
199,https://www.oddsportal.com/baseball/usa/mlb-2014/st-louis-cardinals-new-york-mets-pbuzBd85/#over-under;3
200,https://www.oddsportal.com/baseball/usa/mlb-2014/tampa-bay-rays-minnesota-twins-SMUvAGNB/#over-under;3
201,https://www.oddsportal.com/baseball/usa/mlb-2014/washington-nationals-houston-astros-46nyDLNr/#over-under;3
202,https://www.oddsportal.com/baseball/usa/mlb-2014/colorado-rockies-san-diego-padres-2c09H1FR/#over-under;3
203,https://www.oddsportal.com/baseball/usa/mlb-2014/cleveland-indians-los-angeles-angels-I9Q5ctOe/#over-under;3
204,https://www.oddsportal.com/baseball/usa/mlb-2014/los-angeles-dodgers-oakland-athletics-6V60JNpF/#over-under;3
205,https://www.oddsportal.com/baseball/usa/mlb-2014/milwaukee-brewers-chicago-white-sox-d0P9d0w2/#over-under;3
206,https://www.oddsportal.com/baseball/usa/mlb-2014/san-francisco-giants-chicago-cubs-KYA4Is0L/#over-under;3
207,https://www.oddsportal.com/baseball/usa/mlb-2014/texas-rangers-cincinnati-reds-C87dK3V8/#over-under;3
208,https://www.oddsportal.com/baseball/usa/mlb-2014/new-york-mets-miami-marlins-OnR1bM8k/#over-under;3
209,https://www.oddsportal.com/baseball/usa/mlb-2014/boston-red-sox-tampa-bay-rays-Ol6LIjf4/#over-under;3
210,https://www.oddsportal.com/baseball/usa/mlb-2014/philadelphia-phillies-atlanta-braves-hOAPHA9A/#over-under;3
211,https://www.oddsportal.com/baseball/usa/mlb-2014/pittsburgh-pirates-baltimore-orioles-WE9TGUOG/#over-under;3
212,https://www.oddsportal.com/baseball/usa/mlb-2014/st-louis-cardinals-detroit-tigers-CCNca2gq/#over-under;3
213,https://www.oddsportal.com/baseball/usa/mlb-2014/arizona-diamondbacks-san-diego-padres-pb7HJWvb/#over-under;3
214,https://www.oddsportal.com/baseball/usa/mlb-2014/kansas-city-royals-colorado-rockies-YJwa1kPT/#over-under;3
215,https://www.oddsportal.com/baseball/usa/mlb-2014/los-angeles-angels-cincinnati-reds-EHNc3BfH/#over-under;3
216,https://www.oddsportal.com/baseball/usa/mlb-2014/oakland-athletics-chicago-white-sox-zTPQd9Xp/#over-under;3
217,https://www.oddsportal.com/baseball/usa/mlb-2014/seattle-mariners-texas-rangers-lWD8LhAo/#over-under;3
218,https://www.oddsportal.com/baseball/usa/mlb-2014/new-york-mets-atlanta-braves-KfOg4iuB/#over-under;3
219,https://www.oddsportal.com/baseball/usa/mlb-2014/houston-astros-toronto-blue-jays-pxWt7geh/#over-under;3
220,https://www.oddsportal.com/baseball/usa/mlb-2014/miami-marlins-detroit-tigers-6iKk5XP4/#over-under;3
221,https://www.oddsportal.com/baseball/usa/mlb-2014/minnesota-twins-philadelphia-phillies-xCSY8FQu/#over-under;3
222,https://www.oddsportal.com/baseball/usa/mlb-2014/new-york-yankees-tampa-bay-rays-G2Rx8Zun/#over-under;3
223,https://www.oddsportal.com/baseball/usa/mlb-2014/washington-nationals-st-louis-cardinals-OSUp6DAb/#over-under;3
224,https://www.oddsportal.com/baseball/usa/mlb-2014/colorado-rockies-oakland-athletics-E3rPlCuO/#over-under;3
225,https://www.oddsportal.com/baseball/usa/mlb-2014/cincinnati-reds-chicago-cubs-OEkCiEe5/#over-under;3
226,https://www.oddsportal.com/baseball/usa/mlb-2014/milwaukee-brewers-kansas-city-royals-j1i4gzRh/#over-under;3
227,https://www.oddsportal.com/baseball/usa/mlb-2014/san-diego-padres-cleveland-indians-tjpHjYAB/#over-under;3
228,https://www.oddsportal.com/baseball/usa/mlb-2014/detroit-tigers-new-york-mets-j1VYweR5/#over-under;3
229,https://www.oddsportal.com/baseball/usa/mlb-2014/tampa-bay-rays-pittsburgh-pirates-fZceeddt/#over-under;3
230,https://www.oddsportal.com/baseball/usa/mlb-2014/toronto-blue-jays-minnesota-twins-44ZxwFtC/#over-under;3
231,https://www.oddsportal.com/baseball/usa/mlb-2014/new-york-yankees-detroit-tigers-ImXQuHdg/#over-under;3
232,https://www.oddsportal.com/baseball/usa/mlb-2014/kansas-city-royals-san-francisco-giants-CSRtpBWs/#over-under;3
233,https://www.oddsportal.com/baseball/usa/mlb-2014/los-angeles-dodgers-texas-rangers-0CxMtcsm/#over-under;3
234,https://www.oddsportal.com/baseball/usa/mlb-2014/milwaukee-brewers-san-diego-padres-6kRpqVol/#over-under;3
235,https://www.oddsportal.com/baseball/usa/mlb-2014/oakland-athletics-arizona-diamondbacks-4tijnJJP/#over-under;3
236,https://www.oddsportal.com/baseball/usa/mlb-2014/baltimore-orioles-philadelphia-phillies-tUhIsIAq/#over-under;3
237,https://www.oddsportal.com/baseball/usa/mlb-2014/boston-red-sox-atlanta-braves-KKiMtxQk/#over-under;3
238,https://www.oddsportal.com/baseball/usa/mlb-2014/pittsburgh-pirates-minnesota-twins-UkZC3aX2/#over-under;3
239,https://www.oddsportal.com/baseball/usa/mlb-2014/toronto-blue-jays-tampa-bay-rays-2qsRudud/#over-under;3
240,https://www.oddsportal.com/baseball/usa/mlb-2014/washington-nationals-houston-astros-GnoVvGf2/#over-under;3
241,https://www.oddsportal.com/baseball/usa/mlb-2014/atlanta-braves-washington-nationals-lx1jnb2S/#over-under;3
242,https://www.oddsportal.com/baseball/usa/mlb-2014/arizona-diamondbacks-oakland-athletics-Ao2nmvmM/#over-under;3
243,https://www.oddsportal.com/baseball/usa/mlb-2014/cleveland-indians-chicago-cubs-rZAVjMmc/#over-under;3
244,https://www.oddsportal.com/baseball/usa/mlb-2014/los-angeles-angels-los-angeles-dodgers-SQSrTIej/#over-under;3
245,https://www.oddsportal.com/baseball/usa/mlb-2014/milwaukee-brewers-colorado-rockies-MP9Zkt33/#over-under;3
246,https://www.oddsportal.com/baseball/usa/mlb-2014/san-diego-padres-texas-rangers-Gn9wk0I9/#over-under;3
247,https://www.oddsportal.com/baseball/usa/mlb-2014/san-francisco-giants-cincinnati-reds-SMCslKXF/#over-under;3
248,https://www.oddsportal.com/baseball/usa/mlb-2014/baltimore-orioles-tampa-bay-rays-lCkdxNY3/#over-under;3
249,https://www.oddsportal.com/baseball/usa/mlb-2014/houston-astros-new-york-mets-EJn8ZKIM/#over-under;3
250,https://www.oddsportal.com/baseball/usa/mlb-2014/miami-marlins-boston-red-sox-Y3TvUbtp/#over-under;3
251,https://www.oddsportal.com/baseball/usa/mlb-2014/minnesota-twins-st-louis-cardinals-zTm4z13G/#over-under;3
252,https://www.oddsportal.com/baseball/usa/mlb-2014/pittsburgh-pirates-toronto-blue-jays-drxDYvYS/#over-under;3
253,https://www.oddsportal.com/baseball/usa/mlb-2014/cincinnati-reds-los-angeles-dodgers-6m0iw3Jc/#over-under;3
254,https://www.oddsportal.com/baseball/usa/mlb-2014/minnesota-twins-baltimore-orioles-hpdmvq4i/#over-under;3
255,https://www.oddsportal.com/baseball/usa/mlb-2014/arizona-diamondbacks-kansas-city-royals-vs85FaRj/#over-under;3
256,https://www.oddsportal.com/baseball/usa/mlb-2014/chicago-white-sox-san-diego-padres-lbANNNJA/#over-under;3
257,https://www.oddsportal.com/baseball/usa/mlb-2014/milwaukee-brewers-oakland-athletics-nqTQMsZG/#over-under;3
258,https://www.oddsportal.com/baseball/usa/mlb-2014/san-francisco-giants-los-angeles-angels-0j91GuCp/#over-under;3
259,https://www.oddsportal.com/baseball/usa/mlb-2014/seattle-mariners-cleveland-indians-t6SUL1lN/#over-under;3
260,https://www.oddsportal.com/baseball/usa/mlb-2014/houston-astros-detroit-tigers-KII6R5Ko/#over-under;3
261,https://www.oddsportal.com/baseball/usa/mlb-2014/philadelphia-phillies-atlanta-braves-b9HAQPZi/#over-under;3
262,https://www.oddsportal.com/baseball/usa/mlb-2014/st-louis-cardinals-boston-red-sox-SrMEPqkb/#over-under;3
263,https://www.oddsportal.com/baseball/usa/mlb-2014/tampa-bay-rays-new-york-yankees-6ZKIO344/#over-under;3
264,https://www.oddsportal.com/baseball/usa/mlb-2014/toronto-blue-jays-pittsburgh-pirates-IDvO2Mso/#over-under;3
265,https://www.oddsportal.com/baseball/usa/mlb-2014/new-york-yankees-baltimore-orioles-nVmh8rKN/#over-under;3
266,https://www.oddsportal.com/baseball/usa/mlb-2014/philadelphia-phillies-toronto-blue-jays-8vkl9O4H/#over-under;3
267,https://www.oddsportal.com/baseball/usa/mlb-2014/colorado-rockies-san-francisco-giants-SSXjA4kB/#over-under;3
268,https://www.oddsportal.com/baseball/usa/mlb-2014/cleveland-indians-chicago-white-sox-KdsWESzt/#over-under;3
269,https://www.oddsportal.com/baseball/usa/mlb-2014/kansas-city-royals-cincinnati-reds-bmtzEnjn/#over-under;3
270,https://www.oddsportal.com/baseball/usa/mlb-2014/los-angeles-angels-texas-rangers-Y7PO6VrJ/#over-under;3
271,https://www.oddsportal.com/baseball/usa/mlb-2014/los-angeles-dodgers-seattle-mariners-fFZrCQKb/#over-under;3
272,https://www.oddsportal.com/baseball/usa/mlb-2014/san-diego-padres-arizona-diamondbacks-lxZnBpz5/#over-under;3
273,https://www.oddsportal.com/baseball/usa/mlb-2014/new-york-mets-houston-astros-fHQK7BTC/#over-under;3
274,https://www.oddsportal.com/baseball/usa/mlb-2014/atlanta-braves-washington-nationals-0IXB9Xb0/#over-under;3
275,https://www.oddsportal.com/baseball/usa/mlb-2014/boston-red-sox-tampa-bay-rays-S4Z3BgUm/#over-under;3
276,https://www.oddsportal.com/baseball/usa/mlb-2014/detroit-tigers-pittsburgh-pirates-6eY7ADqf/#over-under;3
277,https://www.oddsportal.com/baseball/usa/mlb-2014/miami-marlins-minnesota-twins-ChyG8iE6/#over-under;3
278,https://www.oddsportal.com/baseball/usa/mlb-2014/milwaukee-brewers-chicago-cubs-CEpmpHVl/#over-under;3
279,https://www.oddsportal.com/baseball/usa/mlb-2014/oakland-athletics-los-angeles-dodgers-j5qiqyoe/#over-under;3
280,https://www.oddsportal.com/baseball/usa/mlb-2014/san-francisco-giants-san-diego-padres-b7Qs6bh8/#over-under;3
281,https://www.oddsportal.com/baseball/usa/mlb-2014/texas-rangers-cleveland-indians-p4x0sFF7/#over-under;3
282,https://www.oddsportal.com/baseball/usa/mlb-2014/chicago-white-sox-kansas-city-royals-rutqocGr/#over-under;3
283,https://www.oddsportal.com/baseball/usa/mlb-2014/atlanta-braves-new-york-mets-js14huO8/#over-under;3
284,https://www.oddsportal.com/baseball/usa/mlb-2014/detroit-tigers-st-louis-cardinals-CbdPUyW1/#over-under;3
285,https://www.oddsportal.com/baseball/usa/mlb-2014/miami-marlins-houston-astros-b74CjJhL/#over-under;3
286,https://www.oddsportal.com/baseball/usa/mlb-2014/new-york-yankees-washington-nationals-Cj20gL82/#over-under;3
287,https://www.oddsportal.com/baseball/usa/mlb-2014/pittsburgh-pirates-boston-red-sox-p408iawF/#over-under;3
288,https://www.oddsportal.com/baseball/usa/mlb-2014/tampa-bay-rays-philadelphia-phillies-tWgHkw8R/#over-under;3
289,https://www.oddsportal.com/baseball/usa/mlb-2014/colorado-rockies-milwaukee-brewers-vobHWc1k/#over-under;3
290,https://www.oddsportal.com/baseball/usa/mlb-2014/chicago-cubs-kansas-city-royals-tAItw0OL/#over-under;3
291,https://www.oddsportal.com/baseball/usa/mlb-2014/cleveland-indians-seattle-mariners-YqFYvMg9/#over-under;3
292,https://www.oddsportal.com/baseball/usa/mlb-2014/los-angeles-angels-oakland-athletics-jLPTu2v3/#over-under;3
293,https://www.oddsportal.com/baseball/usa/mlb-2014/san-francisco-giants-arizona-diamondbacks-QsfDXwnq/#over-under;3
294,https://www.oddsportal.com/baseball/usa/mlb-2014/texas-rangers-chicago-white-sox-CzExvt9F/#over-under;3
295,https://www.oddsportal.com/baseball/usa/mlb-2014/boston-red-sox-baltimore-orioles-CI22xTXA/#over-under;3
296,https://www.oddsportal.com/baseball/usa/mlb-2014/philadelphia-phillies-pittsburgh-pirates-0tKvJvXk/#over-under;3
297,https://www.oddsportal.com/baseball/usa/mlb-2014/st-louis-cardinals-new-york-mets-vXIrIbnd/#over-under;3
298,https://www.oddsportal.com/baseball/usa/mlb-2014/tampa-bay-rays-minnesota-twins-hz7QtrPd/#over-under;3
299,https://www.oddsportal.com/baseball/usa/mlb-2014/toronto-blue-jays-new-york-yankees-6u26ymmH/#over-under;3
300,https://www.oddsportal.com/baseball/usa/mlb-2014/washington-nationals-miami-marlins-bFbbw9I4/#over-under;3
301,https://www.oddsportal.com/baseball/usa/mlb-2014/chicago-white-sox-cleveland-indians-GSfVwLiI/#over-under;3
302,https://www.oddsportal.com/baseball/usa/mlb-2014/cincinnati-reds-colorado-rockies-Gj9gvk3b/#over-under;3
303,https://www.oddsportal.com/baseball/usa/mlb-2014/kansas-city-royals-san-diego-padres-AkfZxu7O/#over-under;3
304,https://www.oddsportal.com/baseball/usa/mlb-2014/oakland-athletics-texas-rangers-jqCssiJu/#over-under;3
305,https://www.oddsportal.com/baseball/usa/mlb-2014/seattle-mariners-los-angeles-angels-UZAotBYo/#over-under;3
306,https://www.oddsportal.com/baseball/usa/mlb-2014/baltimore-orioles-toronto-blue-jays-hlA5qPNt/#over-under;3
307,https://www.oddsportal.com/baseball/usa/mlb-2014/detroit-tigers-houston-astros-zDaArqwm/#over-under;3
308,https://www.oddsportal.com/baseball/usa/mlb-2014/minnesota-twins-boston-red-sox-nm3Es3hg/#over-under;3
309,https://www.oddsportal.com/baseball/usa/mlb-2014/new-york-yankees-philadelphia-phillies-tA2ItN7a/#over-under;3
310,https://www.oddsportal.com/baseball/usa/mlb-2014/pittsburgh-pirates-tampa-bay-rays-K01MusN5/#over-under;3
311,https://www.oddsportal.com/baseball/usa/mlb-2014/washington-nationals-atlanta-braves-juOwl5FP/#over-under;3
312,https://www.oddsportal.com/baseball/usa/mlb-2014/atlanta-braves-houston-astros-2PUePLxP/#over-under;3
313,https://www.oddsportal.com/baseball/usa/mlb-2014/arizona-diamondbacks-colorado-rockies-OYViQ1NI/#over-under;3
314,https://www.oddsportal.com/baseball/usa/mlb-2014/cleveland-indians-cincinnati-reds-SW7vVP8m/#over-under;3
315,https://www.oddsportal.com/baseball/usa/mlb-2014/los-angeles-angels-chicago-cubs-lt9zW5gs/#over-under;3
316,https://www.oddsportal.com/baseball/usa/mlb-2014/los-angeles-dodgers-chicago-white-sox-S6xqSNh6/#over-under;3
317,https://www.oddsportal.com/baseball/usa/mlb-2014/san-diego-padres-seattle-mariners-tAtmRs8C/#over-under;3
318,https://www.oddsportal.com/baseball/usa/mlb-2014/texas-rangers-kansas-city-royals-YqwuT3w0/#over-under;3
319,https://www.oddsportal.com/baseball/usa/mlb-2014/new-york-mets-washington-nationals-W0M8znoQ/#over-under;3
320,https://www.oddsportal.com/baseball/usa/mlb-2014/boston-red-sox-minnesota-twins-UyxAFp90/#over-under;3
321,https://www.oddsportal.com/baseball/usa/mlb-2014/st-louis-cardinals-miami-marlins-GhvMCrgJ/#over-under;3
322,https://www.oddsportal.com/baseball/usa/mlb-2014/tampa-bay-rays-baltimore-orioles-IcI4ySVJ/#over-under;3
323,https://www.oddsportal.com/baseball/usa/mlb-2014/toronto-blue-jays-pittsburgh-pirates-x2uIDOwD/#over-under;3
324,https://www.oddsportal.com/baseball/usa/mlb-2014/cincinnati-reds-cleveland-indians-nDn5GQgf/#over-under;3
325,https://www.oddsportal.com/baseball/usa/mlb-2014/kansas-city-royals-texas-rangers-MV2QN81K/#over-under;3
326,https://www.oddsportal.com/baseball/usa/mlb-2014/oakland-athletics-milwaukee-brewers-v7cVMSGQ/#over-under;3
327,https://www.oddsportal.com/baseball/usa/mlb-2014/seattle-mariners-san-diego-padres-tGqcInPs/#over-under;3
328,https://www.oddsportal.com/baseball/usa/mlb-2014/detroit-tigers-atlanta-braves-GYBz1of7/#over-under;3
329,https://www.oddsportal.com/baseball/usa/mlb-2014/new-york-yankees-pittsburgh-pirates-UyGv059D/#over-under;3
330,https://www.oddsportal.com/baseball/usa/mlb-2014/toronto-blue-jays-philadelphia-phillies-fJNR27Pf/#over-under;3
331,https://www.oddsportal.com/baseball/usa/mlb-2014/arizona-diamondbacks-los-angeles-dodgers-82PJ4Tfr/#over-under;3
332,https://www.oddsportal.com/baseball/usa/mlb-2014/cleveland-indians-cincinnati-reds-E17oNyB9/#over-under;3
333,https://www.oddsportal.com/baseball/usa/mlb-2014/san-francisco-giants-oakland-athletics-S4BkMeQF/#over-under;3
334,https://www.oddsportal.com/baseball/usa/mlb-2014/atlanta-braves-detroit-tigers-QuRj1flj/#over-under;3
335,https://www.oddsportal.com/baseball/usa/mlb-2014/philadelphia-phillies-toronto-blue-jays-4WPf0E3d/#over-under;3
336,https://www.oddsportal.com/baseball/usa/mlb-2014/pittsburgh-pirates-new-york-yankees-tl9wPctc/#over-under;3
