﻿,0
0,https://www.oddsportal.com/baseball/usa/mlb-2013/houston-astros-toronto-blue-jays-pOhLpWz2/#over-under;3
1,https://www.oddsportal.com/baseball/usa/mlb-2013/houston-astros-detroit-tigers-v9UbspXk/#over-under;3
2,https://www.oddsportal.com/baseball/usa/mlb-2013/cleveland-indians-colorado-rockies-AXnUwj90/#over-under;3
3,https://www.oddsportal.com/baseball/usa/mlb-2013/kansas-city-royals-los-angeles-dodgers-l4JnRCPf/#over-under;3
4,https://www.oddsportal.com/baseball/usa/mlb-2013/tampa-bay-rays-pittsburgh-pirates-fsKrShAl/#over-under;3
5,https://www.oddsportal.com/baseball/usa/mlb-2013/houston-astros-washington-nationals-tvGvTYfr/#over-under;3
6,https://www.oddsportal.com/baseball/usa/mlb-2013/chicago-cubs-san-francisco-giants-zZ4bm3tc/#over-under;3
7,https://www.oddsportal.com/baseball/usa/mlb-2013/chicago-white-sox-los-angeles-angels-0t2Ap1QF/#over-under;3
8,https://www.oddsportal.com/baseball/usa/mlb-2013/cincinnati-reds-seattle-mariners-EP32nNe3/#over-under;3
9,https://www.oddsportal.com/baseball/usa/mlb-2013/oakland-athletics-milwaukee-brewers-Mk36osB9/#over-under;3
10,https://www.oddsportal.com/baseball/usa/mlb-2013/san-diego-padres-texas-rangers-YTQFOJ3d/#over-under;3
11,https://www.oddsportal.com/baseball/usa/mlb-2013/atlanta-braves-new-york-mets-OfytVLQS/#over-under;3
12,https://www.oddsportal.com/baseball/usa/mlb-2013/baltimore-orioles-boston-red-sox-KQMBPalj/#over-under;3
13,https://www.oddsportal.com/baseball/usa/mlb-2013/miami-marlins-detroit-tigers-Q3N7QuZq/#over-under;3
14,https://www.oddsportal.com/baseball/usa/mlb-2013/minnesota-twins-st-louis-cardinals-SSsXWsdG/#over-under;3
15,https://www.oddsportal.com/baseball/usa/mlb-2013/toronto-blue-jays-philadelphia-phillies-6JtyW1BM/#over-under;3
16,https://www.oddsportal.com/baseball/usa/mlb-2013/arizona-diamondbacks-seattle-mariners-Y5rTXNtA/#over-under;3
17,https://www.oddsportal.com/baseball/usa/mlb-2013/chicago-white-sox-kansas-city-royals-MVvPY3R3/#over-under;3
18,https://www.oddsportal.com/baseball/usa/mlb-2013/cleveland-indians-chicago-cubs-Y9bUCM4p/#over-under;3
19,https://www.oddsportal.com/baseball/usa/mlb-2013/los-angeles-angels-san-francisco-giants-C0cYBtKj/#over-under;3
20,https://www.oddsportal.com/baseball/usa/mlb-2013/oakland-athletics-los-angeles-dodgers-v7kKZqCc/#over-under;3
21,https://www.oddsportal.com/baseball/usa/mlb-2013/texas-rangers-cincinnati-reds-SSL1H2dT/#over-under;3
22,https://www.oddsportal.com/baseball/usa/mlb-2013/houston-astros-miami-marlins-EkmgLpc4/#over-under;3
23,https://www.oddsportal.com/baseball/usa/mlb-2013/minnesota-twins-toronto-blue-jays-SYpsOnDo/#over-under;3
24,https://www.oddsportal.com/baseball/usa/mlb-2013/new-york-yankees-tampa-bay-rays-txkoN6Si/#over-under;3
25,https://www.oddsportal.com/baseball/usa/mlb-2013/philadelphia-phillies-boston-red-sox-tCJkK4CA/#over-under;3
26,https://www.oddsportal.com/baseball/usa/mlb-2013/pittsburgh-pirates-baltimore-orioles-OKKW3qST/#over-under;3
27,https://www.oddsportal.com/baseball/usa/mlb-2013/st-louis-cardinals-new-york-mets-zalkMQsb/#over-under;3
28,https://www.oddsportal.com/baseball/usa/mlb-2013/washington-nationals-atlanta-braves-QT6ba3zo/#over-under;3
29,https://www.oddsportal.com/baseball/usa/mlb-2013/colorado-rockies-san-diego-padres-foGS4PCN/#over-under;3
30,https://www.oddsportal.com/baseball/usa/mlb-2013/los-angeles-dodgers-chicago-white-sox-GfHO55cH/#over-under;3
31,https://www.oddsportal.com/baseball/usa/mlb-2013/cincinnati-reds-texas-rangers-lrQ79mbh/#over-under;3
32,https://www.oddsportal.com/baseball/usa/mlb-2013/kansas-city-royals-arizona-diamondbacks-hGWbB9Tu/#over-under;3
33,https://www.oddsportal.com/baseball/usa/mlb-2013/san-francisco-giants-oakland-athletics-SYOB87Db/#over-under;3
34,https://www.oddsportal.com/baseball/usa/mlb-2013/seattle-mariners-cleveland-indians-YVRJ6orB/#over-under;3
35,https://www.oddsportal.com/baseball/usa/mlb-2013/boston-red-sox-pittsburgh-pirates-GfegjQcU/#over-under;3
36,https://www.oddsportal.com/baseball/usa/mlb-2013/new-york-mets-washington-nationals-2iiki6rO/#over-under;3
37,https://www.oddsportal.com/baseball/usa/mlb-2013/baltimore-orioles-philadelphia-phillies-KS1phnTH/#over-under;3
38,https://www.oddsportal.com/baseball/usa/mlb-2013/detroit-tigers-new-york-yankees-bgBPdAEn/#over-under;3
39,https://www.oddsportal.com/baseball/usa/mlb-2013/miami-marlins-st-louis-cardinals-tx3tgSDB/#over-under;3
40,https://www.oddsportal.com/baseball/usa/mlb-2013/tampa-bay-rays-minnesota-twins-CdFTeUTh/#over-under;3
41,https://www.oddsportal.com/baseball/usa/mlb-2013/cleveland-indians-arizona-diamondbacks-jk59jZiD/#over-under;3
42,https://www.oddsportal.com/baseball/usa/mlb-2013/oakland-athletics-chicago-white-sox-4WBLcjat/#over-under;3
43,https://www.oddsportal.com/baseball/usa/mlb-2013/san-diego-padres-seattle-mariners-S6lhFIUD/#over-under;3
44,https://www.oddsportal.com/baseball/usa/mlb-2013/miami-marlins-new-york-mets-Cb65iFx7/#over-under;3
45,https://www.oddsportal.com/baseball/usa/mlb-2013/colorado-rockies-san-francisco-giants-Iy71heN0/#over-under;3
46,https://www.oddsportal.com/baseball/usa/mlb-2013/los-angeles-angels-kansas-city-royals-by0kecwr/#over-under;3
47,https://www.oddsportal.com/baseball/usa/mlb-2013/los-angeles-dodgers-cincinnati-reds-Kjlbgy8f/#over-under;3
48,https://www.oddsportal.com/baseball/usa/mlb-2013/milwaukee-brewers-chicago-cubs-6q8NawVQ/#over-under;3
49,https://www.oddsportal.com/baseball/usa/mlb-2013/houston-astros-st-louis-cardinals-WQFA2uo8/#over-under;3
50,https://www.oddsportal.com/baseball/usa/mlb-2013/minnesota-twins-new-york-yankees-pUJE1a0E/#over-under;3
51,https://www.oddsportal.com/baseball/usa/mlb-2013/philadelphia-phillies-atlanta-braves-bLBRuIwe/#over-under;3
52,https://www.oddsportal.com/baseball/usa/mlb-2013/toronto-blue-jays-boston-red-sox-Sh9J0JFK/#over-under;3
53,https://www.oddsportal.com/baseball/usa/mlb-2013/washington-nationals-detroit-tigers-vXSOvxg1/#over-under;3
54,https://www.oddsportal.com/baseball/usa/mlb-2013/san-francisco-giants-colorado-rockies-lnMinK0R/#over-under;3
55,https://www.oddsportal.com/baseball/usa/mlb-2013/texas-rangers-los-angeles-angels-6NWnm0oL/#over-under;3
56,https://www.oddsportal.com/baseball/usa/mlb-2013/baltimore-orioles-pittsburgh-pirates-K6Uzj212/#over-under;3
57,https://www.oddsportal.com/baseball/usa/mlb-2013/boston-red-sox-philadelphia-phillies-bcTvkMG8/#over-under;3
58,https://www.oddsportal.com/baseball/usa/mlb-2013/new-york-yankees-minnesota-twins-SWXrltWE/#over-under;3
59,https://www.oddsportal.com/baseball/usa/mlb-2013/atlanta-braves-washington-nationals-4b0jrjrd/#over-under;3
60,https://www.oddsportal.com/baseball/usa/mlb-2013/detroit-tigers-houston-astros-GY3fsAc2/#over-under;3
61,https://www.oddsportal.com/baseball/usa/mlb-2013/arizona-diamondbacks-cleveland-indians-Ay1nqWSk/#over-under;3
62,https://www.oddsportal.com/baseball/usa/mlb-2013/chicago-white-sox-milwaukee-brewers-Wp2rpCDq/#over-under;3
63,https://www.oddsportal.com/baseball/usa/mlb-2013/cincinnati-reds-oakland-athletics-IwM7jEzG/#over-under;3
64,https://www.oddsportal.com/baseball/usa/mlb-2013/new-york-mets-st-louis-cardinals-jiKFlh5S/#over-under;3
65,https://www.oddsportal.com/baseball/usa/mlb-2013/tampa-bay-rays-toronto-blue-jays-C0LBkYkM/#over-under;3
66,https://www.oddsportal.com/baseball/usa/mlb-2013/minnesota-twins-tampa-bay-rays-bFnVxe6G/#over-under;3
67,https://www.oddsportal.com/baseball/usa/mlb-2013/houston-astros-new-york-mets-4zI3ifL9/#over-under;3
68,https://www.oddsportal.com/baseball/usa/mlb-2013/chicago-white-sox-arizona-diamondbacks-U3QDUWDd/#over-under;3
69,https://www.oddsportal.com/baseball/usa/mlb-2013/kansas-city-royals-los-angeles-dodgers-8lx5Whqp/#over-under;3
70,https://www.oddsportal.com/baseball/usa/mlb-2013/los-angeles-angels-cleveland-indians-jDR9VCbj/#over-under;3
71,https://www.oddsportal.com/baseball/usa/mlb-2013/miami-marlins-washington-nationals-WSpwyZzT/#over-under;3
72,https://www.oddsportal.com/baseball/usa/mlb-2013/atlanta-braves-pittsburgh-pirates-tvhQwyiA/#over-under;3
73,https://www.oddsportal.com/baseball/usa/mlb-2013/baltimore-orioles-toronto-blue-jays-2mgMvHy4/#over-under;3
74,https://www.oddsportal.com/baseball/usa/mlb-2013/new-york-yankees-boston-red-sox-x6oZyFLM/#over-under;3
75,https://www.oddsportal.com/baseball/usa/mlb-2013/seattle-mariners-san-francisco-giants-8QgIucMc/#over-under;3
76,https://www.oddsportal.com/baseball/usa/mlb-2013/arizona-diamondbacks-san-diego-padres-djjEtw7i/#over-under;3
77,https://www.oddsportal.com/baseball/usa/mlb-2013/chicago-cubs-texas-rangers-GfDRIZEp/#over-under;3
78,https://www.oddsportal.com/baseball/usa/mlb-2013/cincinnati-reds-chicago-white-sox-AeofyrVB/#over-under;3
79,https://www.oddsportal.com/baseball/usa/mlb-2013/kansas-city-royals-colorado-rockies-SWekxOF5/#over-under;3
80,https://www.oddsportal.com/baseball/usa/mlb-2013/los-angeles-dodgers-oakland-athletics-ETiow40a/#over-under;3
81,https://www.oddsportal.com/baseball/usa/mlb-2013/milwaukee-brewers-los-angeles-angels-lnpbz2pI/#over-under;3
82,https://www.oddsportal.com/baseball/usa/mlb-2013/boston-red-sox-baltimore-orioles-K6hsvpog/#over-under;3
83,https://www.oddsportal.com/baseball/usa/mlb-2013/detroit-tigers-tampa-bay-rays-ph2WL2VO/#over-under;3
84,https://www.oddsportal.com/baseball/usa/mlb-2013/philadelphia-phillies-new-york-yankees-bejEpn8P/#over-under;3
85,https://www.oddsportal.com/baseball/usa/mlb-2013/st-louis-cardinals-miami-marlins-04xtt6Gt/#over-under;3
86,https://www.oddsportal.com/baseball/usa/mlb-2013/toronto-blue-jays-houston-astros-tGgwuQVn/#over-under;3
87,https://www.oddsportal.com/baseball/usa/mlb-2013/colorado-rockies-cincinnati-reds-WlbSMrGI/#over-under;3
88,https://www.oddsportal.com/baseball/usa/mlb-2013/texas-rangers-kansas-city-royals-lQ8NNO0C/#over-under;3
89,https://www.oddsportal.com/baseball/usa/mlb-2013/cleveland-indians-milwaukee-brewers-296BQQGg/#over-under;3
90,https://www.oddsportal.com/baseball/usa/mlb-2013/los-angeles-dodgers-arizona-diamondbacks-AZ9JO4o6/#over-under;3
91,https://www.oddsportal.com/baseball/usa/mlb-2013/oakland-athletics-seattle-mariners-KpH6R61m/#over-under;3
92,https://www.oddsportal.com/baseball/usa/mlb-2013/san-diego-padres-chicago-cubs-t05FPpWa/#over-under;3
93,https://www.oddsportal.com/baseball/usa/mlb-2013/atlanta-braves-philadelphia-phillies-Mab3Snns/#over-under;3
94,https://www.oddsportal.com/baseball/usa/mlb-2013/minnesota-twins-miami-marlins-lCTl9PoJ/#over-under;3
95,https://www.oddsportal.com/baseball/usa/mlb-2013/pittsburgh-pirates-boston-red-sox-QTCXX8OJ/#over-under;3
96,https://www.oddsportal.com/baseball/usa/mlb-2013/st-louis-cardinals-new-york-mets-ALUpA5WC/#over-under;3
97,https://www.oddsportal.com/baseball/usa/mlb-2013/washington-nationals-detroit-tigers-4KByXSwQ/#over-under;3
98,https://www.oddsportal.com/baseball/usa/mlb-2013/san-francisco-giants-colorado-rockies-GbVtBoH6/#over-under;3
99,https://www.oddsportal.com/baseball/usa/mlb-2013/cincinnati-reds-cleveland-indians-W6ibJ99Q/#over-under;3
100,https://www.oddsportal.com/baseball/usa/mlb-2013/kansas-city-royals-chicago-white-sox-MyA7dn2D/#over-under;3
101,https://www.oddsportal.com/baseball/usa/mlb-2013/los-angeles-angels-san-diego-padres-zubkLVvE/#over-under;3
102,https://www.oddsportal.com/baseball/usa/mlb-2013/boston-red-sox-tampa-bay-rays-roB3cSn7/#over-under;3
103,https://www.oddsportal.com/baseball/usa/mlb-2013/new-york-mets-atlanta-braves-Q9Gbb8X0/#over-under;3
104,https://www.oddsportal.com/baseball/usa/mlb-2013/detroit-tigers-washington-nationals-hdIj0U2l/#over-under;3
105,https://www.oddsportal.com/baseball/usa/mlb-2013/houston-astros-toronto-blue-jays-nJHfalIf/#over-under;3
106,https://www.oddsportal.com/baseball/usa/mlb-2013/miami-marlins-st-louis-cardinals-SEYB7CAE/#over-under;3
107,https://www.oddsportal.com/baseball/usa/mlb-2013/pittsburgh-pirates-new-york-yankees-dlwG6WPK/#over-under;3
108,https://www.oddsportal.com/baseball/usa/mlb-2013/washington-nationals-houston-astros-fmwIkvkT/#over-under;3
109,https://www.oddsportal.com/baseball/usa/mlb-2013/colorado-rockies-seattle-mariners-YFiLpk31/#over-under;3
110,https://www.oddsportal.com/baseball/usa/mlb-2013/san-diego-padres-arizona-diamondbacks-Sz8W81ki/#over-under;3
111,https://www.oddsportal.com/baseball/usa/mlb-2013/new-york-mets-miami-marlins-vLElpICj/#over-under;3
112,https://www.oddsportal.com/baseball/usa/mlb-2013/minnesota-twins-pittsburgh-pirates-0UFpobcp/#over-under;3
113,https://www.oddsportal.com/baseball/usa/mlb-2013/st-louis-cardinals-detroit-tigers-Aay6ht5A/#over-under;3
114,https://www.oddsportal.com/baseball/usa/mlb-2013/tampa-bay-rays-boston-red-sox-ljzAi0KG/#over-under;3
115,https://www.oddsportal.com/baseball/usa/mlb-2013/toronto-blue-jays-baltimore-orioles-rDZDjKZM/#over-under;3
116,https://www.oddsportal.com/baseball/usa/mlb-2013/cincinnati-reds-colorado-rockies-EXscf2zb/#over-under;3
117,https://www.oddsportal.com/baseball/usa/mlb-2013/arizona-diamondbacks-oakland-athletics-4206XvTp/#over-under;3
118,https://www.oddsportal.com/baseball/usa/mlb-2013/milwaukee-brewers-cleveland-indians-KAMNu3L4/#over-under;3
119,https://www.oddsportal.com/baseball/usa/mlb-2013/san-francisco-giants-texas-rangers-fTEzw15N/#over-under;3
120,https://www.oddsportal.com/baseball/usa/mlb-2013/detroit-tigers-toronto-blue-jays-jVU6qoMu/#over-under;3
121,https://www.oddsportal.com/baseball/usa/mlb-2013/houston-astros-pittsburgh-pirates-ULTAr5yn/#over-under;3
122,https://www.oddsportal.com/baseball/usa/mlb-2013/atlanta-braves-new-york-mets-YaogQNLH/#over-under;3
123,https://www.oddsportal.com/baseball/usa/mlb-2013/baltimore-orioles-boston-red-sox-WdKKKhZe/#over-under;3
124,https://www.oddsportal.com/baseball/usa/mlb-2013/new-york-yankees-miami-marlins-GOzbPsyO/#over-under;3
125,https://www.oddsportal.com/baseball/usa/mlb-2013/st-louis-cardinals-washington-nationals-E9g1O1jU/#over-under;3
126,https://www.oddsportal.com/baseball/usa/mlb-2013/tampa-bay-rays-philadelphia-phillies-ncOFsPjh/#over-under;3
127,https://www.oddsportal.com/baseball/usa/mlb-2013/cleveland-indians-kansas-city-royals-f9nkR36B/#over-under;3
128,https://www.oddsportal.com/baseball/usa/mlb-2013/los-angeles-angels-chicago-white-sox-nqqsTPya/#over-under;3
129,https://www.oddsportal.com/baseball/usa/mlb-2013/los-angeles-dodgers-chicago-cubs-4KgxU5Mh/#over-under;3
130,https://www.oddsportal.com/baseball/usa/mlb-2013/oakland-athletics-texas-rangers-QZsoSqi5/#over-under;3
131,https://www.oddsportal.com/baseball/usa/mlb-2013/seattle-mariners-cincinnati-reds-jHkYUo7n/#over-under;3
132,https://www.oddsportal.com/baseball/usa/mlb-2013/new-york-mets-detroit-tigers-dfjUVRit/#over-under;3
133,https://www.oddsportal.com/baseball/usa/mlb-2013/baltimore-orioles-tampa-bay-rays-OpKCVct0/#over-under;3
134,https://www.oddsportal.com/baseball/usa/mlb-2013/minnesota-twins-boston-red-sox-EZCPSeQI/#over-under;3
135,https://www.oddsportal.com/baseball/usa/mlb-2013/philadelphia-phillies-pittsburgh-pirates-699HUHe6/#over-under;3
136,https://www.oddsportal.com/baseball/usa/mlb-2013/st-louis-cardinals-atlanta-braves-hQBTRFuP/#over-under;3
137,https://www.oddsportal.com/baseball/usa/mlb-2013/toronto-blue-jays-new-york-yankees-KCDLTyBC/#over-under;3
138,https://www.oddsportal.com/baseball/usa/mlb-2013/washington-nationals-houston-astros-fo42z8qP/#over-under;3
139,https://www.oddsportal.com/baseball/usa/mlb-2013/arizona-diamondbacks-milwaukee-brewers-pfL8WwRg/#over-under;3
140,https://www.oddsportal.com/baseball/usa/mlb-2013/miami-marlins-atlanta-braves-GKG4XJBm/#over-under;3
141,https://www.oddsportal.com/baseball/usa/mlb-2013/minnesota-twins-baltimore-orioles-QiT1zmSR/#over-under;3
142,https://www.oddsportal.com/baseball/usa/mlb-2013/new-york-yankees-philadelphia-phillies-xUH0Yads/#over-under;3
143,https://www.oddsportal.com/baseball/usa/mlb-2013/chicago-cubs-colorado-rockies-h2DtT4K1/#over-under;3
144,https://www.oddsportal.com/baseball/usa/mlb-2013/chicago-white-sox-cleveland-indians-WhCpSOZ7/#over-under;3
145,https://www.oddsportal.com/baseball/usa/mlb-2013/cincinnati-reds-san-francisco-giants-dW3WkSRE/#over-under;3
146,https://www.oddsportal.com/baseball/usa/mlb-2013/kansas-city-royals-seattle-mariners-zRIyUp5e/#over-under;3
147,https://www.oddsportal.com/baseball/usa/mlb-2013/san-diego-padres-los-angeles-angels-pd0Sj8C8/#over-under;3
148,https://www.oddsportal.com/baseball/usa/mlb-2013/pittsburgh-pirates-toronto-blue-jays-rTwcyTCL/#over-under;3
149,https://www.oddsportal.com/baseball/usa/mlb-2013/cincinnati-reds-los-angeles-dodgers-I71CPVD9/#over-under;3
150,https://www.oddsportal.com/baseball/usa/mlb-2013/san-francisco-giants-san-diego-padres-A1Qkwkr9/#over-under;3
151,https://www.oddsportal.com/baseball/usa/mlb-2013/oakland-athletics-kansas-city-royals-U5m3Foj2/#over-under;3
152,https://www.oddsportal.com/baseball/usa/mlb-2013/texas-rangers-milwaukee-brewers-G2qaGRzd/#over-under;3
153,https://www.oddsportal.com/baseball/usa/mlb-2013/boston-red-sox-toronto-blue-jays-MupeH7Lk/#over-under;3
154,https://www.oddsportal.com/baseball/usa/mlb-2013/atlanta-braves-st-louis-cardinals-Us5GOkTF/#over-under;3
155,https://www.oddsportal.com/baseball/usa/mlb-2013/miami-marlins-houston-astros-2e3OMTcS/#over-under;3
156,https://www.oddsportal.com/baseball/usa/mlb-2013/philadelphia-phillies-detroit-tigers-rkoiIm6q/#over-under;3
157,https://www.oddsportal.com/baseball/usa/mlb-2013/tampa-bay-rays-new-york-yankees-O44KN9rM/#over-under;3
158,https://www.oddsportal.com/baseball/usa/mlb-2013/tampa-bay-rays-minnesota-twins-zqC7QBb3/#over-under;3
159,https://www.oddsportal.com/baseball/usa/mlb-2013/arizona-diamondbacks-chicago-cubs-dhD3Riqc/#over-under;3
160,https://www.oddsportal.com/baseball/usa/mlb-2013/chicago-white-sox-colorado-rockies-8xKL286d/#over-under;3
161,https://www.oddsportal.com/baseball/usa/mlb-2013/cleveland-indians-los-angeles-angels-GvusAjEM/#over-under;3
162,https://www.oddsportal.com/baseball/usa/mlb-2013/milwaukee-brewers-los-angeles-dodgers-UoLH3lij/#over-under;3
163,https://www.oddsportal.com/baseball/usa/mlb-2013/san-diego-padres-oakland-athletics-nNVC4Uyp/#over-under;3
164,https://www.oddsportal.com/baseball/usa/mlb-2013/texas-rangers-san-francisco-giants-A1vo9ATS/#over-under;3
165,https://www.oddsportal.com/baseball/usa/mlb-2013/detroit-tigers-new-york-mets-OOQXDYEc/#over-under;3
166,https://www.oddsportal.com/baseball/usa/mlb-2013/miami-marlins-boston-red-sox-IoQyDhU3/#over-under;3
167,https://www.oddsportal.com/baseball/usa/mlb-2013/new-york-yankees-st-louis-cardinals-ALMTEEai/#over-under;3
168,https://www.oddsportal.com/baseball/usa/mlb-2013/pittsburgh-pirates-baltimore-orioles-dxPuCCqA/#over-under;3
169,https://www.oddsportal.com/baseball/usa/mlb-2013/washington-nationals-atlanta-braves-xltwBWbG/#over-under;3
170,https://www.oddsportal.com/baseball/usa/mlb-2013/colorado-rockies-los-angeles-dodgers-8GrojVMj/#over-under;3
171,https://www.oddsportal.com/baseball/usa/mlb-2013/kansas-city-royals-los-angeles-angels-IXp3bgFA/#over-under;3
172,https://www.oddsportal.com/baseball/usa/mlb-2013/chicago-cubs-san-diego-padres-xYiFeiaT/#over-under;3
173,https://www.oddsportal.com/baseball/usa/mlb-2013/cleveland-indians-texas-rangers-GI36cDUG/#over-under;3
174,https://www.oddsportal.com/baseball/usa/mlb-2013/milwaukee-brewers-san-francisco-giants-bsgBdXqN/#over-under;3
175,https://www.oddsportal.com/baseball/usa/mlb-2013/oakland-athletics-arizona-diamondbacks-OAoaaZa4/#over-under;3
176,https://www.oddsportal.com/baseball/usa/mlb-2013/atlanta-braves-miami-marlins-OCxyeK8I/#over-under;3
177,https://www.oddsportal.com/baseball/usa/mlb-2013/detroit-tigers-washington-nationals-lhgn2yGo/#over-under;3
178,https://www.oddsportal.com/baseball/usa/mlb-2013/houston-astros-philadelphia-phillies-fXlOcMOa/#over-under;3
179,https://www.oddsportal.com/baseball/usa/mlb-2013/st-louis-cardinals-new-york-mets-2clSdtv6/#over-under;3
180,https://www.oddsportal.com/baseball/usa/mlb-2013/tampa-bay-rays-boston-red-sox-zk54whwo/#over-under;3
181,https://www.oddsportal.com/baseball/usa/mlb-2013/toronto-blue-jays-new-york-yankees-tlmWe0gC/#over-under;3
182,https://www.oddsportal.com/baseball/usa/mlb-2013/boston-red-sox-baltimore-orioles-YH0Farfm/#over-under;3
183,https://www.oddsportal.com/baseball/usa/mlb-2013/arizona-diamondbacks-chicago-white-sox-KEdB0Ovs/#over-under;3
184,https://www.oddsportal.com/baseball/usa/mlb-2013/chicago-cubs-cleveland-indians-2wQpp3f0/#over-under;3
185,https://www.oddsportal.com/baseball/usa/mlb-2013/cincinnati-reds-milwaukee-brewers-nRRds1vJ/#over-under;3
186,https://www.oddsportal.com/baseball/usa/mlb-2013/los-angeles-angels-colorado-rockies-KEztoquf/#over-under;3
187,https://www.oddsportal.com/baseball/usa/mlb-2013/los-angeles-dodgers-seattle-mariners-EDTlqN96/#over-under;3
188,https://www.oddsportal.com/baseball/usa/mlb-2013/san-francisco-giants-kansas-city-royals-OrBu6pHJ/#over-under;3
189,https://www.oddsportal.com/baseball/usa/mlb-2013/new-york-mets-houston-astros-tOyxnPPm/#over-under;3
190,https://www.oddsportal.com/baseball/usa/mlb-2013/new-york-yankees-atlanta-braves-0A3FUNfD/#over-under;3
191,https://www.oddsportal.com/baseball/usa/mlb-2013/philadelphia-phillies-tampa-bay-rays-SGe1hRnK/#over-under;3
192,https://www.oddsportal.com/baseball/usa/mlb-2013/pittsburgh-pirates-minnesota-twins-ClXXn5As/#over-under;3
193,https://www.oddsportal.com/baseball/usa/mlb-2013/toronto-blue-jays-detroit-tigers-MJ4BV3u7/#over-under;3
194,https://www.oddsportal.com/baseball/usa/mlb-2013/boston-red-sox-minnesota-twins-2agzvSXQ/#over-under;3
195,https://www.oddsportal.com/baseball/usa/mlb-2013/pittsburgh-pirates-baltimore-orioles-8tW2Zotr/#over-under;3
196,https://www.oddsportal.com/baseball/usa/mlb-2013/chicago-white-sox-san-diego-padres-GriOtUm8/#over-under;3
197,https://www.oddsportal.com/baseball/usa/mlb-2013/los-angeles-angels-arizona-diamondbacks-8tAXJ6te/#over-under;3
198,https://www.oddsportal.com/baseball/usa/mlb-2013/milwaukee-brewers-texas-rangers-EwDuIpB7/#over-under;3
199,https://www.oddsportal.com/baseball/usa/mlb-2013/seattle-mariners-oakland-athletics-fZkSul3E/#over-under;3
200,https://www.oddsportal.com/baseball/usa/mlb-2013/detroit-tigers-new-york-mets-CEGOLSBr/#over-under;3
201,https://www.oddsportal.com/baseball/usa/mlb-2013/miami-marlins-new-york-yankees-UkBTKnRl/#over-under;3
202,https://www.oddsportal.com/baseball/usa/mlb-2013/tampa-bay-rays-philadelphia-phillies-A5UdQ83R/#over-under;3
203,https://www.oddsportal.com/baseball/usa/mlb-2013/washington-nationals-st-louis-cardinals-2uRlSUYE/#over-under;3
204,https://www.oddsportal.com/baseball/usa/mlb-2013/atlanta-braves-detroit-tigers-tQxtUj42/#over-under;3
205,https://www.oddsportal.com/baseball/usa/mlb-2013/chicago-cubs-chicago-white-sox-EJlb57R1/#over-under;3
206,https://www.oddsportal.com/baseball/usa/mlb-2013/cleveland-indians-san-francisco-giants-v1do89sq/#over-under;3
207,https://www.oddsportal.com/baseball/usa/mlb-2013/los-angeles-dodgers-texas-rangers-n5YHPyDG/#over-under;3
208,https://www.oddsportal.com/baseball/usa/mlb-2013/milwaukee-brewers-arizona-diamondbacks-jwu9Rcr4/#over-under;3
209,https://www.oddsportal.com/baseball/usa/mlb-2013/san-diego-padres-los-angeles-angels-8EZDQHcA/#over-under;3
210,https://www.oddsportal.com/baseball/usa/mlb-2013/new-york-mets-miami-marlins-Cnt5SwTc/#over-under;3
211,https://www.oddsportal.com/baseball/usa/mlb-2013/baltimore-orioles-toronto-blue-jays-pO6oRTWN/#over-under;3
212,https://www.oddsportal.com/baseball/usa/mlb-2013/houston-astros-washington-nationals-IPt1TJDi/#over-under;3
213,https://www.oddsportal.com/baseball/usa/mlb-2013/pittsburgh-pirates-tampa-bay-rays-EcBkQmnU/#over-under;3
214,https://www.oddsportal.com/baseball/usa/mlb-2013/st-louis-cardinals-new-york-yankees-G6cHL7fo/#over-under;3
215,https://www.oddsportal.com/baseball/usa/mlb-2013/arizona-diamondbacks-kansas-city-royals-O8IxTk2B/#over-under;3
216,https://www.oddsportal.com/baseball/usa/mlb-2013/seattle-mariners-milwaukee-brewers-GrFUUBXb/#over-under;3
217,https://www.oddsportal.com/baseball/usa/mlb-2013/texas-rangers-chicago-cubs-xhGQViIh/#over-under;3
218,https://www.oddsportal.com/baseball/usa/mlb-2013/boston-red-sox-pittsburgh-pirates-dtaTWX2n/#over-under;3
219,https://www.oddsportal.com/baseball/usa/mlb-2013/detroit-tigers-toronto-blue-jays-SQKFDA2O/#over-under;3
220,https://www.oddsportal.com/baseball/usa/mlb-2013/philadelphia-phillies-washington-nationals-Ik0PXDmt/#over-under;3
221,https://www.oddsportal.com/baseball/usa/mlb-2013/st-louis-cardinals-miami-marlins-tUOJCUHU/#over-under;3
222,https://www.oddsportal.com/baseball/usa/mlb-2013/new-york-yankees-atlanta-braves-p2VAEjmI/#over-under;3
223,https://www.oddsportal.com/baseball/usa/mlb-2013/colorado-rockies-chicago-cubs-6BW6FWXB/#over-under;3
224,https://www.oddsportal.com/baseball/usa/mlb-2013/los-angeles-angels-cincinnati-reds-4nzjJEYn/#over-under;3
225,https://www.oddsportal.com/baseball/usa/mlb-2013/san-diego-padres-los-angeles-dodgers-boTbHh3a/#over-under;3
226,https://www.oddsportal.com/baseball/usa/mlb-2013/san-francisco-giants-cleveland-indians-xxS2GCI5/#over-under;3
227,https://www.oddsportal.com/baseball/usa/mlb-2013/minnesota-twins-tampa-bay-rays-Wb5y0iYO/#over-under;3
228,https://www.oddsportal.com/baseball/usa/mlb-2013/toronto-blue-jays-baltimore-orioles-8GlKOzBP/#over-under;3
229,https://www.oddsportal.com/baseball/usa/mlb-2013/washington-nationals-houston-astros-APznKfJt/#over-under;3
230,https://www.oddsportal.com/baseball/usa/mlb-2013/arizona-diamondbacks-cincinnati-reds-h86X0XII/#over-under;3
231,https://www.oddsportal.com/baseball/usa/mlb-2013/chicago-cubs-cleveland-indians-pr3P2gl6/#over-under;3
232,https://www.oddsportal.com/baseball/usa/mlb-2013/chicago-white-sox-san-francisco-giants-Ui0D5e4m/#over-under;3
233,https://www.oddsportal.com/baseball/usa/mlb-2013/oakland-athletics-los-angeles-angels-bo7T1D3C/#over-under;3
234,https://www.oddsportal.com/baseball/usa/mlb-2013/seattle-mariners-colorado-rockies-2JDK3ZYa/#over-under;3
235,https://www.oddsportal.com/baseball/usa/mlb-2013/texas-rangers-san-diego-padres-OSEG4FJg/#over-under;3
236,https://www.oddsportal.com/baseball/usa/mlb-2013/boston-red-sox-tampa-bay-rays-j1196yks/#over-under;3
237,https://www.oddsportal.com/baseball/usa/mlb-2013/new-york-mets-atlanta-braves-pKOtBHtQ/#over-under;3
238,https://www.oddsportal.com/baseball/usa/mlb-2013/detroit-tigers-houston-astros-vNXjlfZC/#over-under;3
239,https://www.oddsportal.com/baseball/usa/mlb-2013/pittsburgh-pirates-philadelphia-phillies-IDWfmElJ/#over-under;3
240,https://www.oddsportal.com/baseball/usa/mlb-2013/st-louis-cardinals-minnesota-twins-WGKxCcRJ/#over-under;3
241,https://www.oddsportal.com/baseball/usa/mlb-2013/colorado-rockies-oakland-athletics-MownkzK6/#over-under;3
242,https://www.oddsportal.com/baseball/usa/mlb-2013/cincinnati-reds-kansas-city-royals-AqLgC6L2/#over-under;3
243,https://www.oddsportal.com/baseball/usa/mlb-2013/los-angeles-dodgers-cleveland-indians-lzKcBQz9/#over-under;3
244,https://www.oddsportal.com/baseball/usa/mlb-2013/san-diego-padres-chicago-white-sox-fZoVhIKs/#over-under;3
245,https://www.oddsportal.com/baseball/usa/mlb-2013/san-francisco-giants-arizona-diamondbacks-xbyzhxzl/#over-under;3
246,https://www.oddsportal.com/baseball/usa/mlb-2013/texas-rangers-seattle-mariners-lYvvidkf/#over-under;3
247,https://www.oddsportal.com/baseball/usa/mlb-2013/boston-red-sox-new-york-yankees-8vsBmNr2/#over-under;3
248,https://www.oddsportal.com/baseball/usa/mlb-2013/atlanta-braves-detroit-tigers-Igzve5jS/#over-under;3
249,https://www.oddsportal.com/baseball/usa/mlb-2013/miami-marlins-new-york-mets-WxYRc769/#over-under;3
250,https://www.oddsportal.com/baseball/usa/mlb-2013/philadelphia-phillies-toronto-blue-jays-0Ew3kqEk/#over-under;3
251,https://www.oddsportal.com/baseball/usa/mlb-2013/pittsburgh-pirates-houston-astros-v3yzdoyM/#over-under;3
252,https://www.oddsportal.com/baseball/usa/mlb-2013/tampa-bay-rays-minnesota-twins-ptxWdRLF/#over-under;3
253,https://www.oddsportal.com/baseball/usa/mlb-2013/washington-nationals-st-louis-cardinals-MNvajPbq/#over-under;3
254,https://www.oddsportal.com/baseball/usa/mlb-2013/arizona-diamondbacks-texas-rangers-lErNbmi3/#over-under;3
255,https://www.oddsportal.com/baseball/usa/mlb-2013/chicago-white-sox-cincinnati-reds-ANqJaTyc/#over-under;3
256,https://www.oddsportal.com/baseball/usa/mlb-2013/cleveland-indians-san-diego-padres-0h2Sx6Uq/#over-under;3
257,https://www.oddsportal.com/baseball/usa/mlb-2013/milwaukee-brewers-los-angeles-angels-pSdcrS6M/#over-under;3
258,https://www.oddsportal.com/baseball/usa/mlb-2013/oakland-athletics-colorado-rockies-M7jyypad/#over-under;3
259,https://www.oddsportal.com/baseball/usa/mlb-2013/seattle-mariners-los-angeles-dodgers-rHiXyQqj/#over-under;3
260,https://www.oddsportal.com/baseball/usa/mlb-2013/new-york-mets-miami-marlins-l03lplxA/#over-under;3
261,https://www.oddsportal.com/baseball/usa/mlb-2013/houston-astros-atlanta-braves-MmOkPn0p/#over-under;3
262,https://www.oddsportal.com/baseball/usa/mlb-2013/minnesota-twins-boston-red-sox-CExKU8xN/#over-under;3
263,https://www.oddsportal.com/baseball/usa/mlb-2013/st-louis-cardinals-washington-nationals-0vNgO6Fj/#over-under;3
264,https://www.oddsportal.com/baseball/usa/mlb-2013/tampa-bay-rays-baltimore-orioles-j5yOTSiT/#over-under;3
265,https://www.oddsportal.com/baseball/usa/mlb-2013/toronto-blue-jays-philadelphia-phillies-Gn5tnA7c/#over-under;3
266,https://www.oddsportal.com/baseball/usa/mlb-2013/atlanta-braves-washington-nationals-GnqBWU7A/#over-under;3
267,https://www.oddsportal.com/baseball/usa/mlb-2013/colorado-rockies-milwaukee-brewers-0KhVLI9g/#over-under;3
268,https://www.oddsportal.com/baseball/usa/mlb-2013/cleveland-indians-chicago-white-sox-n7ifzD8o/#over-under;3
269,https://www.oddsportal.com/baseball/usa/mlb-2013/kansas-city-royals-cincinnati-reds-Y33CBTVp/#over-under;3
270,https://www.oddsportal.com/baseball/usa/mlb-2013/oakland-athletics-san-francisco-giants-rZp3Yjwb/#over-under;3
271,https://www.oddsportal.com/baseball/usa/mlb-2013/seattle-mariners-texas-rangers-Ie3QMbfm/#over-under;3
272,https://www.oddsportal.com/baseball/usa/mlb-2013/chicago-cubs-arizona-diamondbacks-QcjbZWNi/#over-under;3
273,https://www.oddsportal.com/baseball/usa/mlb-2013/new-york-mets-detroit-tigers-GnNuHk8N/#over-under;3
274,https://www.oddsportal.com/baseball/usa/mlb-2013/baltimore-orioles-pittsburgh-pirates-0jTCNZOu/#over-under;3
275,https://www.oddsportal.com/baseball/usa/mlb-2013/houston-astros-st-louis-cardinals-xdOyIVhH/#over-under;3
276,https://www.oddsportal.com/baseball/usa/mlb-2013/miami-marlins-minnesota-twins-Y3RKLDgh/#over-under;3
277,https://www.oddsportal.com/baseball/usa/mlb-2013/new-york-yankees-philadelphia-phillies-vsSGMgvn/#over-under;3
278,https://www.oddsportal.com/baseball/usa/mlb-2013/toronto-blue-jays-tampa-bay-rays-8MJXIBwB/#over-under;3
279,https://www.oddsportal.com/baseball/usa/mlb-2013/washington-nationals-new-york-mets-nFPA7NYs/#over-under;3
280,https://www.oddsportal.com/baseball/usa/mlb-2013/chicago-cubs-oakland-athletics-r1o5Hb26/#over-under;3
281,https://www.oddsportal.com/baseball/usa/mlb-2013/los-angeles-dodgers-los-angeles-angels-nZidJKXg/#over-under;3
282,https://www.oddsportal.com/baseball/usa/mlb-2013/milwaukee-brewers-chicago-white-sox-v9llLt3s/#over-under;3
283,https://www.oddsportal.com/baseball/usa/mlb-2013/san-diego-padres-kansas-city-royals-xOp9GIHC/#over-under;3
284,https://www.oddsportal.com/baseball/usa/mlb-2013/san-francisco-giants-seattle-mariners-Ucs1Ivm0/#over-under;3
285,https://www.oddsportal.com/baseball/usa/mlb-2013/texas-rangers-cleveland-indians-x02MPMfQ/#over-under;3
286,https://www.oddsportal.com/baseball/usa/mlb-2013/minnesota-twins-baltimore-orioles-UcLV2amD/#over-under;3
287,https://www.oddsportal.com/baseball/usa/mlb-2013/philadelphia-phillies-atlanta-braves-r19DRrQD/#over-under;3
288,https://www.oddsportal.com/baseball/usa/mlb-2013/pittsburgh-pirates-boston-red-sox-j7MR3uY6/#over-under;3
289,https://www.oddsportal.com/baseball/usa/mlb-2013/st-louis-cardinals-miami-marlins-fuTI513f/#over-under;3
290,https://www.oddsportal.com/baseball/usa/mlb-2013/tampa-bay-rays-detroit-tigers-YVRM4LI0/#over-under;3
291,https://www.oddsportal.com/baseball/usa/mlb-2013/arizona-diamondbacks-cincinnati-reds-2slvDqBK/#over-under;3
292,https://www.oddsportal.com/baseball/usa/mlb-2013/chicago-cubs-los-angeles-dodgers-QyNw9Fhk/#over-under;3
293,https://www.oddsportal.com/baseball/usa/mlb-2013/chicago-white-sox-texas-rangers-4SLs8Z7e/#over-under;3
294,https://www.oddsportal.com/baseball/usa/mlb-2013/cleveland-indians-seattle-mariners-ChPk6Dx8/#over-under;3
295,https://www.oddsportal.com/baseball/usa/mlb-2013/kansas-city-royals-milwaukee-brewers-fHlzEPeE/#over-under;3
296,https://www.oddsportal.com/baseball/usa/mlb-2013/los-angeles-angels-san-francisco-giants-bkLo7gN1/#over-under;3
297,https://www.oddsportal.com/baseball/usa/mlb-2013/new-york-mets-st-louis-cardinals-6it7EyVR/#over-under;3
298,https://www.oddsportal.com/baseball/usa/mlb-2013/detroit-tigers-atlanta-braves-CUt3FHFL/#over-under;3
299,https://www.oddsportal.com/baseball/usa/mlb-2013/minnesota-twins-philadelphia-phillies-hUZjIJV2/#over-under;3
300,https://www.oddsportal.com/baseball/usa/mlb-2013/new-york-yankees-baltimore-orioles-EqOaGc0F/#over-under;3
301,https://www.oddsportal.com/baseball/usa/mlb-2013/pittsburgh-pirates-tampa-bay-rays-4Et9gzg2/#over-under;3
302,https://www.oddsportal.com/baseball/usa/mlb-2013/toronto-blue-jays-houston-astros-WKYfHwo9/#over-under;3
303,https://www.oddsportal.com/baseball/usa/mlb-2013/washington-nationals-miami-marlins-QNs5fGwd/#over-under;3
304,https://www.oddsportal.com/baseball/usa/mlb-2013/chicago-cubs-colorado-rockies-K0mL4013/#over-under;3
305,https://www.oddsportal.com/baseball/usa/mlb-2013/cleveland-indians-kansas-city-royals-6cqH5tnc/#over-under;3
306,https://www.oddsportal.com/baseball/usa/mlb-2013/los-angeles-dodgers-san-francisco-giants-CG1U0I0S/#over-under;3
307,https://www.oddsportal.com/baseball/usa/mlb-2013/milwaukee-brewers-seattle-mariners-Uelddx9q/#over-under;3
308,https://www.oddsportal.com/baseball/usa/mlb-2013/san-diego-padres-cincinnati-reds-ENnP3KG9/#over-under;3
309,https://www.oddsportal.com/baseball/usa/mlb-2013/texas-rangers-chicago-white-sox-hEoT2vWF/#over-under;3
310,https://www.oddsportal.com/baseball/usa/mlb-2013/boston-red-sox-st-louis-cardinals-4h5Ytc9d/#over-under;3
311,https://www.oddsportal.com/baseball/usa/mlb-2013/atlanta-braves-washington-nationals-Q3ol27u5/#over-under;3
312,https://www.oddsportal.com/baseball/usa/mlb-2013/miami-marlins-new-york-mets-xvkh1RfB/#over-under;3
313,https://www.oddsportal.com/baseball/usa/mlb-2013/philadelphia-phillies-new-york-yankees-K2vc0oAH/#over-under;3
314,https://www.oddsportal.com/baseball/usa/mlb-2013/pittsburgh-pirates-baltimore-orioles-Wtnp3mQb/#over-under;3
315,https://www.oddsportal.com/baseball/usa/mlb-2013/toronto-blue-jays-minnesota-twins-dS1QrJvp/#over-under;3
316,https://www.oddsportal.com/baseball/usa/mlb-2013/new-york-mets-washington-nationals-zFhy59en/#over-under;3
317,https://www.oddsportal.com/baseball/usa/mlb-2013/colorado-rockies-texas-rangers-WpftTnU7/#over-under;3
318,https://www.oddsportal.com/baseball/usa/mlb-2013/kansas-city-royals-arizona-diamondbacks-ppQEm8QB/#over-under;3
319,https://www.oddsportal.com/baseball/usa/mlb-2013/los-angeles-dodgers-chicago-cubs-CIC7kUea/#over-under;3
320,https://www.oddsportal.com/baseball/usa/mlb-2013/san-francisco-giants-chicago-white-sox-j9BBllB5/#over-under;3
321,https://www.oddsportal.com/baseball/usa/mlb-2013/seattle-mariners-los-angeles-angels-OzPInSuI/#over-under;3
322,https://www.oddsportal.com/baseball/usa/mlb-2013/oakland-athletics-cleveland-indians-UgN2jAtg/#over-under;3
323,https://www.oddsportal.com/baseball/usa/mlb-2013/atlanta-braves-miami-marlins-4CktZ8BI/#over-under;3
324,https://www.oddsportal.com/baseball/usa/mlb-2013/baltimore-orioles-new-york-yankees-KKXSdC3P/#over-under;3
325,https://www.oddsportal.com/baseball/usa/mlb-2013/minnesota-twins-pittsburgh-pirates-r3lpYSQO/#over-under;3
326,https://www.oddsportal.com/baseball/usa/mlb-2013/philadelphia-phillies-detroit-tigers-GjJbijRn/#over-under;3
327,https://www.oddsportal.com/baseball/usa/mlb-2013/st-louis-cardinals-houston-astros-MTJfhWBt/#over-under;3
328,https://www.oddsportal.com/baseball/usa/mlb-2013/colorado-rockies-arizona-diamondbacks-GjcTyBRa/#over-under;3
329,https://www.oddsportal.com/baseball/usa/mlb-2013/chicago-cubs-san-francisco-giants-OhIlqgZP/#over-under;3
330,https://www.oddsportal.com/baseball/usa/mlb-2013/chicago-white-sox-los-angeles-dodgers-x0bPxiCg/#over-under;3
331,https://www.oddsportal.com/baseball/usa/mlb-2013/los-angeles-angels-oakland-athletics-8QgLwXdm/#over-under;3
332,https://www.oddsportal.com/baseball/usa/mlb-2013/seattle-mariners-san-diego-padres-veFm6XcD/#over-under;3
333,https://www.oddsportal.com/baseball/usa/mlb-2013/texas-rangers-kansas-city-royals-IeRbMVRC/#over-under;3
334,https://www.oddsportal.com/baseball/usa/mlb-2013/detroit-tigers-philadelphia-phillies-84IpRgDs/#over-under;3
335,https://www.oddsportal.com/baseball/usa/mlb-2013/minnesota-twins-tampa-bay-rays-6eWIVZ4Q/#over-under;3
336,https://www.oddsportal.com/baseball/usa/mlb-2013/pittsburgh-pirates-atlanta-braves-8ja7LzPS/#over-under;3
337,https://www.oddsportal.com/baseball/usa/mlb-2013/st-louis-cardinals-boston-red-sox-4WBgPXsf/#over-under;3
338,https://www.oddsportal.com/baseball/usa/mlb-2013/washington-nationals-miami-marlins-CO5bNdfG/#over-under;3
339,https://www.oddsportal.com/baseball/usa/mlb-2013/arizona-diamondbacks-colorado-rockies-I16fOxuA/#over-under;3
340,https://www.oddsportal.com/baseball/usa/mlb-2013/cincinnati-reds-cleveland-indians-UuQa2eIj/#over-under;3
341,https://www.oddsportal.com/baseball/usa/mlb-2013/kansas-city-royals-texas-rangers-rqEsRvei/#over-under;3
342,https://www.oddsportal.com/baseball/usa/mlb-2013/los-angeles-dodgers-chicago-white-sox-bH9NLqJB/#over-under;3
343,https://www.oddsportal.com/baseball/usa/mlb-2013/milwaukee-brewers-oakland-athletics-vB7jPIP3/#over-under;3
344,https://www.oddsportal.com/baseball/usa/mlb-2013/san-diego-padres-seattle-mariners-MZCoQbAc/#over-under;3
345,https://www.oddsportal.com/baseball/usa/mlb-2013/atlanta-braves-new-york-yankees-KAMe7p4I/#over-under;3
346,https://www.oddsportal.com/baseball/usa/mlb-2013/baltimore-orioles-minnesota-twins-b1La64JO/#over-under;3
347,https://www.oddsportal.com/baseball/usa/mlb-2013/detroit-tigers-toronto-blue-jays-bgRzVmdP/#over-under;3
348,https://www.oddsportal.com/baseball/usa/mlb-2013/miami-marlins-st-louis-cardinals-02D2Q74t/#over-under;3
349,https://www.oddsportal.com/baseball/usa/mlb-2013/philadelphia-phillies-houston-astros-QmNi8QlC/#over-under;3
350,https://www.oddsportal.com/baseball/usa/mlb-2013/new-york-mets-washington-nationals-8SGAOoZh/#over-under;3
351,https://www.oddsportal.com/baseball/usa/mlb-2013/cleveland-indians-cincinnati-reds-CpJm96Z5/#over-under;3
352,https://www.oddsportal.com/baseball/usa/mlb-2013/seattle-mariners-san-diego-padres-jVUvBS4g/#over-under;3
353,https://www.oddsportal.com/baseball/usa/mlb-2013/texas-rangers-kansas-city-royals-ULTrAnKa/#over-under;3
354,https://www.oddsportal.com/baseball/usa/mlb-2013/atlanta-braves-detroit-tigers-MeQzC8km/#over-under;3
