﻿,0
0,https://www.oddsportal.com/baseball/usa/mlb-2019/washington-nationals-houston-astros-GGOqxhPj/#over-under;3
1,https://www.oddsportal.com/baseball/usa/mlb-2019/chicago-white-sox-detroit-tigers-zTgDgZt9/#over-under;3
2,https://www.oddsportal.com/baseball/usa/mlb-2019/detroit-tigers-new-york-yankees-Qu39Hg9H/#over-under;3
3,https://www.oddsportal.com/baseball/usa/mlb-2019/detroit-tigers-oakland-athletics-W2e7quYb/#over-under;3
4,https://www.oddsportal.com/baseball/usa/mlb-2019/boston-red-sox-kansas-city-royals-lvYrYvrq/#over-under;3
5,https://www.oddsportal.com/baseball/usa/mlb-2019/cleveland-indians-texas-rangers-SUWnXbck/#over-under;3
6,https://www.oddsportal.com/baseball/usa/mlb-2019/new-york-mets-miami-marlins-6R24I8Y6/#over-under;3
7,https://www.oddsportal.com/baseball/usa/mlb-2019/new-york-mets-miami-marlins-23g5SFfN/#over-under;3
8,https://www.oddsportal.com/baseball/usa/mlb-2019/new-york-yankees-tampa-bay-rays-WjD8wiRi/#over-under;3
9,https://www.oddsportal.com/baseball/usa/mlb-2019/new-york-yankees-tampa-bay-rays-6kwzPiCb/#over-under;3
10,https://www.oddsportal.com/baseball/usa/mlb-2019/new-york-mets-st-louis-cardinals-GtdvSbCf/#over-under;3
11,https://www.oddsportal.com/baseball/usa/mlb-2019/chicago-white-sox-kansas-city-royals-pObDeL0s/#over-under;3
12,https://www.oddsportal.com/baseball/usa/mlb-2019/chicago-white-sox-baltimore-orioles-bVfMOFKa/#over-under;3
13,https://www.oddsportal.com/baseball/usa/mlb-2019/kansas-city-royals-tampa-bay-rays-j5iEQyjm/#over-under;3
14,https://www.oddsportal.com/baseball/usa/mlb-2019/boston-red-sox-detroit-tigers-p48oM7tB/#over-under;3
15,https://www.oddsportal.com/baseball/usa/mlb-2019/milwaukee-brewers-los-angeles-dodgers-WQZxQksn/#over-under;3
16,https://www.oddsportal.com/baseball/usa/mlb-2019/tampa-bay-rays-boston-red-sox-pABeDCct/#over-under;3
17,https://www.oddsportal.com/baseball/usa/mlb-2019/chicago-white-sox-tampa-bay-rays-SxRUDFDA/#over-under;3
18,https://www.oddsportal.com/baseball/usa/mlb-2019/san-francisco-giants-tampa-bay-rays-veiez9Pl/#over-under;3
19,https://www.oddsportal.com/baseball/usa/mlb-2019/los-angeles-dodgers-arizona-diamondbacks-YN9PLfh5/#over-under;3
20,https://www.oddsportal.com/baseball/usa/mlb-2019/san-diego-padres-san-francisco-giants-fXALMzwa/#over-under;3
21,https://www.oddsportal.com/baseball/usa/mlb-2019/baltimore-orioles-minnesota-twins-fLG8mkCc/#over-under;3
22,https://www.oddsportal.com/baseball/usa/mlb-2019/boston-red-sox-toronto-blue-jays-QwWEAkYS/#over-under;3
23,https://www.oddsportal.com/baseball/usa/mlb-2019/houston-astros-philadelphia-phillies-v92UrRQS/#over-under;3
24,https://www.oddsportal.com/baseball/usa/mlb-2019/miami-marlins-new-york-mets-CdBDn9R3/#over-under;3
25,https://www.oddsportal.com/baseball/usa/mlb-2019/texas-rangers-kansas-city-royals-23JQrtqJ/#over-under;3
26,https://www.oddsportal.com/baseball/usa/mlb-2019/seattle-mariners-kansas-city-royals-IwQRhVVn/#over-under;3
27,https://www.oddsportal.com/baseball/usa/mlb-2019/texas-rangers-los-angeles-angels-dAdpthns/#over-under;3
28,https://www.oddsportal.com/baseball/usa/mlb-2019/los-angeles-angels-seattle-mariners-OCKMqMTC/#over-under;3
29,https://www.oddsportal.com/baseball/usa/mlb-2019/seattle-mariners-cleveland-indians-4I4IpYwQ/#over-under;3
30,https://www.oddsportal.com/baseball/usa/mlb-2019/chicago-white-sox-oakland-athletics-6yQHp2E6/#over-under;3
31,https://www.oddsportal.com/baseball/usa/mlb-2019/cincinnati-reds-arizona-diamondbacks-2cAVtVya/#over-under;3
32,https://www.oddsportal.com/baseball/usa/mlb-2019/oakland-athletics-san-francisco-giants-df8MQCnf/#over-under;3
33,https://www.oddsportal.com/baseball/usa/mlb-2019/baltimore-orioles-new-york-yankees-xjydAi2D/#over-under;3
34,https://www.oddsportal.com/baseball/usa/mlb-2019/arizona-diamondbacks-kansas-city-royals-trMMri7n/#over-under;3
35,https://www.oddsportal.com/baseball/usa/mlb-2019/los-angeles-angels-milwaukee-brewers-G0tHQQoL/#over-under;3
36,https://www.oddsportal.com/baseball/usa/mlb-2019/tampa-bay-rays-baltimore-orioles-tMnI2isL/#over-under;3
37,https://www.oddsportal.com/baseball/usa/mlb-2019/baltimore-orioles-tampa-bay-rays-EFnFqcIh/#over-under;3
38,https://www.oddsportal.com/baseball/usa/mlb-2019/philadelphia-phillies-pittsburgh-pirates-zkwzuZWN/#over-under;3
39,https://www.oddsportal.com/baseball/usa/mlb-2019/minnesota-twins-tampa-bay-rays-M1sdcjMu/#over-under;3
40,https://www.oddsportal.com/baseball/usa/mlb-2019/arizona-diamondbacks-colorado-rockies-ATAGpq2g/#over-under;3
41,https://www.oddsportal.com/baseball/usa/mlb-2019/chicago-cubs-milwaukee-brewers-ravnV326/#over-under;3
42,https://www.oddsportal.com/baseball/usa/mlb-2019/cincinnati-reds-cleveland-indians-8tnZX5Im/#over-under;3
43,https://www.oddsportal.com/baseball/usa/mlb-2019/kansas-city-royals-texas-rangers-48urWqm0/#over-under;3
44,https://www.oddsportal.com/baseball/usa/mlb-2019/toronto-blue-jays-detroit-tigers-6k7nwmyO/#over-under;3
45,https://www.oddsportal.com/baseball/usa/mlb-2019/baltimore-orioles-minnesota-twins-nXpwXPXg/#over-under;3
