﻿,0
0,https://www.oddsportal.com/baseball/usa/mlb-2012/san-diego-padres-kansas-city-royals-2s04B8Ze/#over-under;3
1,https://www.oddsportal.com/baseball/usa/mlb-2012/colorado-rockies-seattle-mariners-8K00ClKk/#over-under;3
2,https://www.oddsportal.com/baseball/usa/mlb-2012/san-francisco-giants-oakland-athletics-UT1dDU4q/#over-under;3
3,https://www.oddsportal.com/baseball/usa/mlb-2012/arizona-diamondbacks-milwaukee-brewers-lzKTHAdS/#over-under;3
4,https://www.oddsportal.com/baseball/usa/mlb-2012/los-angeles-dodgers-los-angeles-angels-6kaad8S9/#over-under;3
5,https://www.oddsportal.com/baseball/usa/mlb-2012/houston-astros-chicago-white-sox-AqLPIjsM/#over-under;3
6,https://www.oddsportal.com/baseball/usa/mlb-2012/new-york-yankees-new-york-mets-GMLLJWRF/#over-under;3
7,https://www.oddsportal.com/baseball/usa/mlb-2012/oakland-athletics-san-francisco-giants-Sb0eclD3/#over-under;3
8,https://www.oddsportal.com/baseball/usa/mlb-2012/los-angeles-dodgers-los-angeles-angels-2JHHKCC9/#over-under;3
9,https://www.oddsportal.com/baseball/usa/mlb-2012/san-diego-padres-kansas-city-royals-KfSCLhc3/#over-under;3
10,https://www.oddsportal.com/baseball/usa/mlb-2012/houston-astros-chicago-white-sox-EcuRck5d/#over-under;3
11,https://www.oddsportal.com/baseball/usa/mlb-2012/philadelphia-phillies-pittsburgh-pirates-82ZRGFLU/#over-under;3
12,https://www.oddsportal.com/baseball/usa/mlb-2012/colorado-rockies-seattle-mariners-UBzOHe6O/#over-under;3
13,https://www.oddsportal.com/baseball/usa/mlb-2012/washington-nationals-boston-red-sox-zyOepa2B/#over-under;3
14,https://www.oddsportal.com/baseball/usa/mlb-2012/new-york-mets-new-york-yankees-MoXFJHyC/#over-under;3
15,https://www.oddsportal.com/baseball/usa/mlb-2012/minnesota-twins-tampa-bay-rays-vNsBKcM5/#over-under;3
16,https://www.oddsportal.com/baseball/usa/mlb-2012/toronto-blue-jays-detroit-tigers-0Wr7Lw7a/#over-under;3
17,https://www.oddsportal.com/baseball/usa/mlb-2012/san-francisco-giants-oakland-athletics-dpPioum5/#over-under;3
18,https://www.oddsportal.com/baseball/usa/mlb-2012/los-angeles-angels-los-angeles-dodgers-Wdv3MJig/#over-under;3
19,https://www.oddsportal.com/baseball/usa/mlb-2012/miami-marlins-new-york-yankees-nk2DwaS5/#over-under;3
20,https://www.oddsportal.com/baseball/usa/mlb-2012/philadelphia-phillies-pittsburgh-pirates-4QC8vuDa/#over-under;3
21,https://www.oddsportal.com/baseball/usa/mlb-2012/arizona-diamondbacks-chicago-cubs-jN84uLcg/#over-under;3
22,https://www.oddsportal.com/baseball/usa/mlb-2012/seattle-mariners-colorado-rockies-d090t1rm/#over-under;3
23,https://www.oddsportal.com/baseball/usa/mlb-2012/chicago-white-sox-milwaukee-brewers-Eu6ynNKP/#over-under;3
24,https://www.oddsportal.com/baseball/usa/mlb-2012/cleveland-indians-cincinnati-reds-I9AdssTt/#over-under;3
25,https://www.oddsportal.com/baseball/usa/mlb-2012/boston-red-sox-washington-nationals-zk7Xn35J/#over-under;3
26,https://www.oddsportal.com/baseball/usa/mlb-2012/detroit-tigers-toronto-blue-jays-8rFoPaDC/#over-under;3
27,https://www.oddsportal.com/baseball/usa/mlb-2012/tampa-bay-rays-minnesota-twins-MoJkOJSI/#over-under;3
28,https://www.oddsportal.com/baseball/usa/mlb-2012/atlanta-braves-new-york-mets-QJPtQub6/#over-under;3
29,https://www.oddsportal.com/baseball/usa/mlb-2012/colorado-rockies-cleveland-indians-nTQxRLr0/#over-under;3
30,https://www.oddsportal.com/baseball/usa/mlb-2012/cincinnati-reds-chicago-white-sox-h86hnWE8/#over-under;3
31,https://www.oddsportal.com/baseball/usa/mlb-2012/los-angeles-angels-chicago-cubs-EH7lmCa2/#over-under;3
32,https://www.oddsportal.com/baseball/usa/mlb-2012/los-angeles-dodgers-arizona-diamondbacks-nV5dojUE/#over-under;3
33,https://www.oddsportal.com/baseball/usa/mlb-2012/milwaukee-brewers-san-francisco-giants-dvYPTNbs/#over-under;3
34,https://www.oddsportal.com/baseball/usa/mlb-2012/texas-rangers-san-diego-padres-IgMYR1Tg/#over-under;3
35,https://www.oddsportal.com/baseball/usa/mlb-2012/boston-red-sox-minnesota-twins-zXy8vKe2/#over-under;3
36,https://www.oddsportal.com/baseball/usa/mlb-2012/miami-marlins-new-york-yankees-2Jw0ttRk/#over-under;3
37,https://www.oddsportal.com/baseball/usa/mlb-2012/atlanta-braves-philadelphia-phillies-WGpIl4J9/#over-under;3
38,https://www.oddsportal.com/baseball/usa/mlb-2012/baltimore-orioles-tampa-bay-rays-A7qMmOYF/#over-under;3
39,https://www.oddsportal.com/baseball/usa/mlb-2012/st-louis-cardinals-washington-nationals-rZdTo23S/#over-under;3
40,https://www.oddsportal.com/baseball/usa/mlb-2012/toronto-blue-jays-pittsburgh-pirates-lGZesMBq/#over-under;3
41,https://www.oddsportal.com/baseball/usa/mlb-2012/cleveland-indians-texas-rangers-lheDkp43/#over-under;3
42,https://www.oddsportal.com/baseball/usa/mlb-2012/san-francisco-giants-cincinnati-reds-8YFO8sDL/#over-under;3
43,https://www.oddsportal.com/baseball/usa/mlb-2012/atlanta-braves-detroit-tigers-MckVb6qc/#over-under;3
44,https://www.oddsportal.com/baseball/usa/mlb-2012/houston-astros-new-york-yankees-0llZcQb3/#over-under;3
45,https://www.oddsportal.com/baseball/usa/mlb-2012/miami-marlins-new-york-mets-rDwvcpE9/#over-under;3
46,https://www.oddsportal.com/baseball/usa/mlb-2012/philadelphia-phillies-toronto-blue-jays-zLeoeOrM/#over-under;3
47,https://www.oddsportal.com/baseball/usa/mlb-2012/tampa-bay-rays-boston-red-sox-f5xIk26q/#over-under;3
48,https://www.oddsportal.com/baseball/usa/mlb-2012/washington-nationals-st-louis-cardinals-YeyMlMLk/#over-under;3
49,https://www.oddsportal.com/baseball/usa/mlb-2012/colorado-rockies-texas-rangers-YsdmzN6d/#over-under;3
50,https://www.oddsportal.com/baseball/usa/mlb-2012/san-diego-padres-san-francisco-giants-ficqy3ij/#over-under;3
51,https://www.oddsportal.com/baseball/usa/mlb-2012/kansas-city-royals-chicago-white-sox-CS7vxqxp/#over-under;3
52,https://www.oddsportal.com/baseball/usa/mlb-2012/new-york-yankees-philadelphia-phillies-f75Sew0p/#over-under;3
53,https://www.oddsportal.com/baseball/usa/mlb-2012/washington-nationals-miami-marlins-xSI00JiT/#over-under;3
54,https://www.oddsportal.com/baseball/usa/mlb-2012/cincinnati-reds-cleveland-indians-t0Pi2uNG/#over-under;3
55,https://www.oddsportal.com/baseball/usa/mlb-2012/los-angeles-angels-arizona-diamondbacks-YZLq41h4/#over-under;3
56,https://www.oddsportal.com/baseball/usa/mlb-2012/baltimore-orioles-detroit-tigers-bNvOn0NT/#over-under;3
57,https://www.oddsportal.com/baseball/usa/mlb-2012/pittsburgh-pirates-tampa-bay-rays-EZEX638o/#over-under;3
58,https://www.oddsportal.com/baseball/usa/mlb-2012/st-louis-cardinals-new-york-mets-CKXz6NNi/#over-under;3
59,https://www.oddsportal.com/baseball/usa/mlb-2012/texas-rangers-san-francisco-giants-tnpJmt8N/#over-under;3
60,https://www.oddsportal.com/baseball/usa/mlb-2012/new-york-yankees-baltimore-orioles-rZzMHEHM/#over-under;3
61,https://www.oddsportal.com/baseball/usa/mlb-2012/new-york-mets-houston-astros-CWJ3fTIs/#over-under;3
62,https://www.oddsportal.com/baseball/usa/mlb-2012/los-angeles-angels-kansas-city-royals-U5cFbZAp/#over-under;3
63,https://www.oddsportal.com/baseball/usa/mlb-2012/los-angeles-dodgers-chicago-white-sox-z3p1Mx3i/#over-under;3
64,https://www.oddsportal.com/baseball/usa/mlb-2012/milwaukee-brewers-cincinnati-reds-Egq5LdIc/#over-under;3
65,https://www.oddsportal.com/baseball/usa/mlb-2012/san-diego-padres-chicago-cubs-dIY9KGX3/#over-under;3
66,https://www.oddsportal.com/baseball/usa/mlb-2012/boston-red-sox-toronto-blue-jays-OOKn3F2T/#over-under;3
67,https://www.oddsportal.com/baseball/usa/mlb-2012/miami-marlins-st-louis-cardinals-KWNV6c34/#over-under;3
68,https://www.oddsportal.com/baseball/usa/mlb-2012/philadelphia-phillies-tampa-bay-rays-x8Iz6HIA/#over-under;3
69,https://www.oddsportal.com/baseball/usa/mlb-2012/pittsburgh-pirates-minnesota-twins-GbHv5yYG/#over-under;3
70,https://www.oddsportal.com/baseball/usa/mlb-2012/kansas-city-royals-texas-rangers-ttPR7wlb/#over-under;3
71,https://www.oddsportal.com/baseball/usa/mlb-2012/tampa-bay-rays-pittsburgh-pirates-63MihcgJ/#over-under;3
72,https://www.oddsportal.com/baseball/usa/mlb-2012/chicago-cubs-cleveland-indians-foAtea90/#over-under;3
73,https://www.oddsportal.com/baseball/usa/mlb-2012/cincinnati-reds-los-angeles-angels-QRVuFXzP/#over-under;3
74,https://www.oddsportal.com/baseball/usa/mlb-2012/milwaukee-brewers-arizona-diamondbacks-vVJNwHDP/#over-under;3
75,https://www.oddsportal.com/baseball/usa/mlb-2012/san-francisco-giants-los-angeles-dodgers-SCNmgwvD/#over-under;3
76,https://www.oddsportal.com/baseball/usa/mlb-2012/new-york-mets-washington-nationals-CMKyduff/#over-under;3
77,https://www.oddsportal.com/baseball/usa/mlb-2012/atlanta-braves-new-york-yankees-W40iHkQ2/#over-under;3
78,https://www.oddsportal.com/baseball/usa/mlb-2012/houston-astros-miami-marlins-AeaeG9u9/#over-under;3
79,https://www.oddsportal.com/baseball/usa/mlb-2012/minnesota-twins-philadelphia-phillies-SWg0FTfF/#over-under;3
80,https://www.oddsportal.com/baseball/usa/mlb-2012/st-louis-cardinals-detroit-tigers-4dHTc1Ps/#over-under;3
81,https://www.oddsportal.com/baseball/usa/mlb-2012/toronto-blue-jays-baltimore-orioles-bJGXdLvl/#over-under;3
82,https://www.oddsportal.com/baseball/usa/mlb-2012/new-york-yankees-toronto-blue-jays-2NPmnLXb/#over-under;3
83,https://www.oddsportal.com/baseball/usa/mlb-2012/arizona-diamondbacks-colorado-rockies-lKLqm1Ih/#over-under;3
84,https://www.oddsportal.com/baseball/usa/mlb-2012/chicago-white-sox-cleveland-indians-2N3IWuYB/#over-under;3
85,https://www.oddsportal.com/baseball/usa/mlb-2012/cincinnati-reds-chicago-cubs-GQ7MVamI/#over-under;3
86,https://www.oddsportal.com/baseball/usa/mlb-2012/milwaukee-brewers-kansas-city-royals-bkcRUJ2O/#over-under;3
87,https://www.oddsportal.com/baseball/usa/mlb-2012/san-diego-padres-los-angeles-dodgers-xtdVTwIU/#over-under;3
88,https://www.oddsportal.com/baseball/usa/mlb-2012/san-francisco-giants-los-angeles-angels-S4XzkNmt/#over-under;3
89,https://www.oddsportal.com/baseball/usa/mlb-2012/boston-red-sox-tampa-bay-rays-804EXLI5/#over-under;3
90,https://www.oddsportal.com/baseball/usa/mlb-2012/new-york-mets-atlanta-braves-U95AY13a/#over-under;3
91,https://www.oddsportal.com/baseball/usa/mlb-2012/baltimore-orioles-minnesota-twins-IH6WupBP/#over-under;3
92,https://www.oddsportal.com/baseball/usa/mlb-2012/houston-astros-detroit-tigers-vLCcy4Jt/#over-under;3
93,https://www.oddsportal.com/baseball/usa/mlb-2012/miami-marlins-washington-nationals-YsC1zOYn/#over-under;3
94,https://www.oddsportal.com/baseball/usa/mlb-2012/philadelphia-phillies-pittsburgh-pirates-CYA5Zslg/#over-under;3
95,https://www.oddsportal.com/baseball/usa/mlb-2012/texas-rangers-cincinnati-reds-GCSmH0YO/#over-under;3
96,https://www.oddsportal.com/baseball/usa/mlb-2012/pittsburgh-pirates-baltimore-orioles-rcwGdVdI/#over-under;3
97,https://www.oddsportal.com/baseball/usa/mlb-2012/cleveland-indians-milwaukee-brewers-v5ta0Dcg/#over-under;3
98,https://www.oddsportal.com/baseball/usa/mlb-2012/los-angeles-angels-colorado-rockies-6iri2ZSt/#over-under;3
99,https://www.oddsportal.com/baseball/usa/mlb-2012/los-angeles-dodgers-chicago-white-sox-h8p3aXCa/#over-under;3
100,https://www.oddsportal.com/baseball/usa/mlb-2012/san-francisco-giants-kansas-city-royals-zXZ7biS5/#over-under;3
101,https://www.oddsportal.com/baseball/usa/mlb-2012/detroit-tigers-miami-marlins-E1cyoYc6/#over-under;3
102,https://www.oddsportal.com/baseball/usa/mlb-2012/minnesota-twins-tampa-bay-rays-dQntphDC/#over-under;3
103,https://www.oddsportal.com/baseball/usa/mlb-2012/philadelphia-phillies-boston-red-sox-ATjpqCSI/#over-under;3
104,https://www.oddsportal.com/baseball/usa/mlb-2012/st-louis-cardinals-new-york-mets-OWvS7e5J/#over-under;3
105,https://www.oddsportal.com/baseball/usa/mlb-2012/washington-nationals-houston-astros-2NwW6FKP/#over-under;3
106,https://www.oddsportal.com/baseball/usa/mlb-2012/colorado-rockies-cincinnati-reds-C05aBKQ8/#over-under;3
107,https://www.oddsportal.com/baseball/usa/mlb-2012/chicago-white-sox-san-francisco-giants-C4L0jJlq/#over-under;3
108,https://www.oddsportal.com/baseball/usa/mlb-2012/cleveland-indians-chicago-cubs-OvP4kw4k/#over-under;3
109,https://www.oddsportal.com/baseball/usa/mlb-2012/los-angeles-angels-texas-rangers-K8cX7oKG/#over-under;3
110,https://www.oddsportal.com/baseball/usa/mlb-2012/san-diego-padres-arizona-diamondbacks-Y96eC0B2/#over-under;3
111,https://www.oddsportal.com/baseball/usa/mlb-2012/st-louis-cardinals-minnesota-twins-jT5GBTKi/#over-under;3
112,https://www.oddsportal.com/baseball/usa/mlb-2012/tampa-bay-rays-miami-marlins-pj5KAmzb/#over-under;3
113,https://www.oddsportal.com/baseball/usa/mlb-2012/washington-nationals-new-york-mets-tIbT8R4A/#over-under;3
114,https://www.oddsportal.com/baseball/usa/mlb-2012/arizona-diamondbacks-kansas-city-royals-d6pscU5b/#over-under;3
115,https://www.oddsportal.com/baseball/usa/mlb-2012/los-angeles-dodgers-cleveland-indians-WxpD561G/#over-under;3
116,https://www.oddsportal.com/baseball/usa/mlb-2012/milwaukee-brewers-chicago-white-sox-rDmH4QGM/#over-under;3
117,https://www.oddsportal.com/baseball/usa/mlb-2012/minnesota-twins-tampa-bay-rays-tli088Hc/#over-under;3
118,https://www.oddsportal.com/baseball/usa/mlb-2012/new-york-mets-st-louis-cardinals-lf4Ep5Pj/#over-under;3
119,https://www.oddsportal.com/baseball/usa/mlb-2012/baltimore-orioles-washington-nationals-ryzV5Fea/#over-under;3
120,https://www.oddsportal.com/baseball/usa/mlb-2012/detroit-tigers-new-york-yankees-MRYY4ZA5/#over-under;3
121,https://www.oddsportal.com/baseball/usa/mlb-2012/pittsburgh-pirates-houston-astros-fgnt3DuI/#over-under;3
122,https://www.oddsportal.com/baseball/usa/mlb-2012/toronto-blue-jays-atlanta-braves-zi0AooAp/#over-under;3
123,https://www.oddsportal.com/baseball/usa/mlb-2012/san-diego-padres-cincinnati-reds-n9tM7yRn/#over-under;3
124,https://www.oddsportal.com/baseball/usa/mlb-2012/san-francisco-giants-texas-rangers-0CpQ6etg/#over-under;3
125,https://www.oddsportal.com/baseball/usa/mlb-2012/tampa-bay-rays-toronto-blue-jays-MRhamVNR/#over-under;3
126,https://www.oddsportal.com/baseball/usa/mlb-2012/colorado-rockies-chicago-cubs-S4gelB8L/#over-under;3
127,https://www.oddsportal.com/baseball/usa/mlb-2012/atlanta-braves-new-york-mets-2a3BlK24/#over-under;3
128,https://www.oddsportal.com/baseball/usa/mlb-2012/baltimore-orioles-boston-red-sox-KzbGmvIA/#over-under;3
129,https://www.oddsportal.com/baseball/usa/mlb-2012/houston-astros-washington-nationals-bRdKnbXG/#over-under;3
130,https://www.oddsportal.com/baseball/usa/mlb-2012/miami-marlins-st-louis-cardinals-jNKmVV1q/#over-under;3
131,https://www.oddsportal.com/baseball/usa/mlb-2012/pittsburgh-pirates-detroit-tigers-QuD0STo2/#over-under;3
132,https://www.oddsportal.com/baseball/usa/mlb-2012/boston-red-sox-new-york-yankees-jJAZ8qUH/#over-under;3
133,https://www.oddsportal.com/baseball/usa/mlb-2012/new-york-mets-houston-astros-8zFED7Fn/#over-under;3
134,https://www.oddsportal.com/baseball/usa/mlb-2012/atlanta-braves-miami-marlins-zs1id6pC/#over-under;3
135,https://www.oddsportal.com/baseball/usa/mlb-2012/minnesota-twins-baltimore-orioles-I5jdeQaI/#over-under;3
136,https://www.oddsportal.com/baseball/usa/mlb-2012/pittsburgh-pirates-tampa-bay-rays-ddk0fpFO/#over-under;3
137,https://www.oddsportal.com/baseball/usa/mlb-2012/st-louis-cardinals-washington-nationals-O2wrJTiP/#over-under;3
138,https://www.oddsportal.com/baseball/usa/mlb-2012/toronto-blue-jays-philadelphia-phillies-QBP9Em0t/#over-under;3
139,https://www.oddsportal.com/baseball/usa/mlb-2012/arizona-diamondbacks-milwaukee-brewers-nwfdXKk0/#over-under;3
140,https://www.oddsportal.com/baseball/usa/mlb-2012/cleveland-indians-san-francisco-giants-KS9Hv3cQ/#over-under;3
141,https://www.oddsportal.com/baseball/usa/mlb-2012/kansas-city-royals-oakland-athletics-dl1qzN5s/#over-under;3
142,https://www.oddsportal.com/baseball/usa/mlb-2012/los-angeles-dodgers-san-diego-padres-vDjlZtLm/#over-under;3
143,https://www.oddsportal.com/baseball/usa/mlb-2012/seattle-mariners-chicago-white-sox-I3khY0zf/#over-under;3
144,https://www.oddsportal.com/baseball/usa/mlb-2012/baltimore-orioles-toronto-blue-jays-063MKs6f/#over-under;3
145,https://www.oddsportal.com/baseball/usa/mlb-2012/detroit-tigers-minnesota-twins-E97QJ1L0/#over-under;3
146,https://www.oddsportal.com/baseball/usa/mlb-2012/pittsburgh-pirates-boston-red-sox-8W6UILz7/#over-under;3
147,https://www.oddsportal.com/baseball/usa/mlb-2012/st-louis-cardinals-new-york-mets-nN5YHujD/#over-under;3
148,https://www.oddsportal.com/baseball/usa/mlb-2012/tampa-bay-rays-new-york-yankees-nFB9tPSD/#over-under;3
149,https://www.oddsportal.com/baseball/usa/mlb-2012/washington-nationals-atlanta-braves-Q5ADuqrK/#over-under;3
150,https://www.oddsportal.com/baseball/usa/mlb-2012/san-diego-padres-colorado-rockies-IsEHLNjl/#over-under;3
151,https://www.oddsportal.com/baseball/usa/mlb-2012/boston-red-sox-toronto-blue-jays-dlmNPc3Q/#over-under;3
152,https://www.oddsportal.com/baseball/usa/mlb-2012/new-york-yankees-pittsburgh-pirates-WtvkLHBs/#over-under;3
153,https://www.oddsportal.com/baseball/usa/mlb-2012/new-york-mets-washington-nationals-EPcIQwlK/#over-under;3
154,https://www.oddsportal.com/baseball/usa/mlb-2012/arizona-diamondbacks-san-francisco-giants-zZbERJYD/#over-under;3
155,https://www.oddsportal.com/baseball/usa/mlb-2012/cincinnati-reds-seattle-mariners-C0DJ5xCf/#over-under;3
156,https://www.oddsportal.com/baseball/usa/mlb-2012/kansas-city-royals-los-angeles-angels-Q3HN4dR0/#over-under;3
157,https://www.oddsportal.com/baseball/usa/mlb-2012/los-angeles-dodgers-milwaukee-brewers-8S6S3Gt7/#over-under;3
158,https://www.oddsportal.com/baseball/usa/mlb-2012/baltimore-orioles-philadelphia-phillies-25CrE04E/#over-under;3
159,https://www.oddsportal.com/baseball/usa/mlb-2012/detroit-tigers-atlanta-braves-dSBnDKJK/#over-under;3
160,https://www.oddsportal.com/baseball/usa/mlb-2012/houston-astros-st-louis-cardinals-zJAjCvZQ/#over-under;3
161,https://www.oddsportal.com/baseball/usa/mlb-2012/miami-marlins-tampa-bay-rays-vmFB7bsr/#over-under;3
162,https://www.oddsportal.com/baseball/usa/mlb-2012/colorado-rockies-los-angeles-angels-nHGB4l5r/#over-under;3
163,https://www.oddsportal.com/baseball/usa/mlb-2012/chicago-white-sox-cincinnati-reds-UyUq9UdR/#over-under;3
164,https://www.oddsportal.com/baseball/usa/mlb-2012/oakland-athletics-arizona-diamondbacks-joVuAAsL/#over-under;3
165,https://www.oddsportal.com/baseball/usa/mlb-2012/seattle-mariners-chicago-cubs-WrFvCWC8/#over-under;3
166,https://www.oddsportal.com/baseball/usa/mlb-2012/texas-rangers-milwaukee-brewers-IuRdmmz8/#over-under;3
167,https://www.oddsportal.com/baseball/usa/mlb-2012/boston-red-sox-minnesota-twins-4xNhlTK1/#over-under;3
168,https://www.oddsportal.com/baseball/usa/mlb-2012/atlanta-braves-st-louis-cardinals-rNYqjkjk/#over-under;3
169,https://www.oddsportal.com/baseball/usa/mlb-2012/miami-marlins-houston-astros-EmUuiVzq/#over-under;3
170,https://www.oddsportal.com/baseball/usa/mlb-2012/philadelphia-phillies-detroit-tigers-MDXmk95e/#over-under;3
171,https://www.oddsportal.com/baseball/usa/mlb-2012/kansas-city-royals-cleveland-indians-CQxcAu8g/#over-under;3
172,https://www.oddsportal.com/baseball/usa/mlb-2012/los-angeles-dodgers-los-angeles-angels-0U7HU9g8/#over-under;3
173,https://www.oddsportal.com/baseball/usa/mlb-2012/minnesota-twins-pittsburgh-pirates-OrcwHjP8/#over-under;3
174,https://www.oddsportal.com/baseball/usa/mlb-2012/st-louis-cardinals-miami-marlins-AugZHW92/#over-under;3
175,https://www.oddsportal.com/baseball/usa/mlb-2012/tampa-bay-rays-boston-red-sox-dx5igmX1/#over-under;3
176,https://www.oddsportal.com/baseball/usa/mlb-2012/houston-astros-new-york-mets-pbonFUgL/#over-under;3
177,https://www.oddsportal.com/baseball/usa/mlb-2012/toronto-blue-jays-philadelphia-phillies-fXWH98Hr/#over-under;3
178,https://www.oddsportal.com/baseball/usa/mlb-2012/washington-nationals-detroit-tigers-67nrGAvF/#over-under;3
179,https://www.oddsportal.com/baseball/usa/mlb-2012/san-diego-padres-kansas-city-royals-Io6mfTHe/#over-under;3
180,https://www.oddsportal.com/baseball/usa/mlb-2012/chicago-white-sox-seattle-mariners-nH0bCen1/#over-under;3
181,https://www.oddsportal.com/baseball/usa/mlb-2012/cleveland-indians-cincinnati-reds-4he3BF17/#over-under;3
182,https://www.oddsportal.com/baseball/usa/mlb-2012/los-angeles-angels-milwaukee-brewers-E32jEHHl/#over-under;3
183,https://www.oddsportal.com/baseball/usa/mlb-2012/detroit-tigers-st-louis-cardinals-pQ5FC4tp/#over-under;3
184,https://www.oddsportal.com/baseball/usa/mlb-2012/new-york-yankees-houston-astros-hj9NArBd/#over-under;3
185,https://www.oddsportal.com/baseball/usa/mlb-2012/pittsburgh-pirates-tampa-bay-rays-YonAYo33/#over-under;3
186,https://www.oddsportal.com/baseball/usa/mlb-2012/cincinnati-reds-colorado-rockies-hSQzKnlA/#over-under;3
187,https://www.oddsportal.com/baseball/usa/mlb-2012/oakland-athletics-seattle-mariners-nkQvJ63G/#over-under;3
188,https://www.oddsportal.com/baseball/usa/mlb-2012/atlanta-braves-houston-astros-ERrniCGA/#over-under;3
189,https://www.oddsportal.com/baseball/usa/mlb-2012/arizona-diamondbacks-chicago-white-sox-K4qrhh14/#over-under;3
190,https://www.oddsportal.com/baseball/usa/mlb-2012/chicago-cubs-san-francisco-giants-AucMziWT/#over-under;3
191,https://www.oddsportal.com/baseball/usa/mlb-2012/kansas-city-royals-milwaukee-brewers-Wr3mWAvo/#over-under;3
192,https://www.oddsportal.com/baseball/usa/mlb-2012/los-angeles-dodgers-texas-rangers-pniVffHo/#over-under;3
193,https://www.oddsportal.com/baseball/usa/mlb-2012/new-york-mets-detroit-tigers-lQ8DxD1H/#over-under;3
194,https://www.oddsportal.com/baseball/usa/mlb-2012/new-york-yankees-washington-nationals-pYBdte2h/#over-under;3
195,https://www.oddsportal.com/baseball/usa/mlb-2012/pittsburgh-pirates-philadelphia-phillies-byG0uFHb/#over-under;3
196,https://www.oddsportal.com/baseball/usa/mlb-2012/st-louis-cardinals-miami-marlins-t055vZW4/#over-under;3
197,https://www.oddsportal.com/baseball/usa/mlb-2012/toronto-blue-jays-tampa-bay-rays-Kj49wgnB/#over-under;3
198,https://www.oddsportal.com/baseball/usa/mlb-2012/seattle-mariners-san-francisco-giants-CKDlrHXu/#over-under;3
199,https://www.oddsportal.com/baseball/usa/mlb-2012/cleveland-indians-chicago-white-sox-4hBsrDXB/#over-under;3
200,https://www.oddsportal.com/baseball/usa/mlb-2012/los-angeles-angels-cincinnati-reds-WvDZqZ2a/#over-under;3
201,https://www.oddsportal.com/baseball/usa/mlb-2012/los-angeles-dodgers-kansas-city-royals-GSEosXnI/#over-under;3
202,https://www.oddsportal.com/baseball/usa/mlb-2012/milwaukee-brewers-san-diego-padres-bi4jti2O/#over-under;3
203,https://www.oddsportal.com/baseball/usa/mlb-2012/texas-rangers-oakland-athletics-xr3fuBHU/#over-under;3
204,https://www.oddsportal.com/baseball/usa/mlb-2012/boston-red-sox-st-louis-cardinals-E3IUpFmg/#over-under;3
205,https://www.oddsportal.com/baseball/usa/mlb-2012/detroit-tigers-baltimore-orioles-21GbrMRf/#over-under;3
206,https://www.oddsportal.com/baseball/usa/mlb-2012/houston-astros-toronto-blue-jays-thF2sts1/#over-under;3
207,https://www.oddsportal.com/baseball/usa/mlb-2012/miami-marlins-new-york-mets-lIE6t0d7/#over-under;3
208,https://www.oddsportal.com/baseball/usa/mlb-2012/minnesota-twins-pittsburgh-pirates-S8DAuKBD/#over-under;3
209,https://www.oddsportal.com/baseball/usa/mlb-2012/washington-nationals-new-york-yankees-zDJQoeYn/#over-under;3
210,https://www.oddsportal.com/baseball/usa/mlb-2012/seattle-mariners-kansas-city-royals-6ZMkprcr/#over-under;3
211,https://www.oddsportal.com/baseball/usa/mlb-2012/atlanta-braves-washington-nationals-QFckin8p/#over-under;3
212,https://www.oddsportal.com/baseball/usa/mlb-2012/chicago-cubs-milwaukee-brewers-QiF20job/#over-under;3
213,https://www.oddsportal.com/baseball/usa/mlb-2012/chicago-white-sox-los-angeles-angels-4rE6aA04/#over-under;3
214,https://www.oddsportal.com/baseball/usa/mlb-2012/san-francisco-giants-cleveland-indians-C8HEclVG/#over-under;3
215,https://www.oddsportal.com/baseball/usa/mlb-2012/baltimore-orioles-pittsburgh-pirates-fBVrpV0H/#over-under;3
216,https://www.oddsportal.com/baseball/usa/mlb-2012/detroit-tigers-new-york-mets-Y1UnqkGN/#over-under;3
217,https://www.oddsportal.com/baseball/usa/mlb-2012/philadelphia-phillies-minnesota-twins-GQJir9VT/#over-under;3
218,https://www.oddsportal.com/baseball/usa/mlb-2012/st-louis-cardinals-houston-astros-hnBJwTwo/#over-under;3
219,https://www.oddsportal.com/baseball/usa/mlb-2012/tampa-bay-rays-miami-marlins-6ka12CGo/#over-under;3
220,https://www.oddsportal.com/baseball/usa/mlb-2012/toronto-blue-jays-new-york-yankees-ptb51WVi/#over-under;3
221,https://www.oddsportal.com/baseball/usa/mlb-2012/new-york-yankees-boston-red-sox-nDpyCBhB/#over-under;3
222,https://www.oddsportal.com/baseball/usa/mlb-2012/washington-nationals-detroit-tigers-Y9tXCiw5/#over-under;3
223,https://www.oddsportal.com/baseball/usa/mlb-2012/arizona-diamondbacks-los-angeles-angels-joiSDXNb/#over-under;3
224,https://www.oddsportal.com/baseball/usa/mlb-2012/san-diego-padres-chicago-white-sox-4UhKFggn/#over-under;3
225,https://www.oddsportal.com/baseball/usa/mlb-2012/san-francisco-giants-chicago-cubs-CfhOED8h/#over-under;3
226,https://www.oddsportal.com/baseball/usa/mlb-2012/cleveland-indians-texas-rangers-EaQcbhOB/#over-under;3
227,https://www.oddsportal.com/baseball/usa/mlb-2012/kansas-city-royals-cincinnati-reds-hjP1cCwI/#over-under;3
228,https://www.oddsportal.com/baseball/usa/mlb-2012/los-angeles-dodgers-colorado-rockies-nDO5dWhO/#over-under;3
229,https://www.oddsportal.com/baseball/usa/mlb-2012/new-york-mets-st-louis-cardinals-dOVhaY85/#over-under;3
230,https://www.oddsportal.com/baseball/usa/mlb-2012/baltimore-orioles-tampa-bay-rays-UBvx3G9t/#over-under;3
231,https://www.oddsportal.com/baseball/usa/mlb-2012/houston-astros-philadelphia-phillies-OAXp1fvg/#over-under;3
232,https://www.oddsportal.com/baseball/usa/mlb-2012/miami-marlins-atlanta-braves-CzUt2zPn/#over-under;3
233,https://www.oddsportal.com/baseball/usa/mlb-2012/new-york-yankees-houston-astros-xKhkQVQF/#over-under;3
234,https://www.oddsportal.com/baseball/usa/mlb-2012/colorado-rockies-san-diego-padres-MLokTJyo/#over-under;3
235,https://www.oddsportal.com/baseball/usa/mlb-2012/chicago-cubs-cincinnati-reds-GGW4lU7g/#over-under;3
236,https://www.oddsportal.com/baseball/usa/mlb-2012/chicago-white-sox-oakland-athletics-f7V8mlNa/#over-under;3
237,https://www.oddsportal.com/baseball/usa/mlb-2012/cleveland-indians-arizona-diamondbacks-lUUCn8x6/#over-under;3
238,https://www.oddsportal.com/baseball/usa/mlb-2012/kansas-city-royals-san-francisco-giants-2XYGoSiC/#over-under;3
239,https://www.oddsportal.com/baseball/usa/mlb-2012/los-angeles-angels-los-angeles-dodgers-bux0kAhm/#over-under;3
240,https://www.oddsportal.com/baseball/usa/mlb-2012/seattle-mariners-texas-rangers-pdOLpn7I/#over-under;3
241,https://www.oddsportal.com/baseball/usa/mlb-2012/boston-red-sox-miami-marlins-Klwdjjws/#over-under;3
242,https://www.oddsportal.com/baseball/usa/mlb-2012/detroit-tigers-new-york-mets-2D6VZUh0/#over-under;3
243,https://www.oddsportal.com/baseball/usa/mlb-2012/pittsburgh-pirates-philadelphia-phillies-t45ZYl86/#over-under;3
244,https://www.oddsportal.com/baseball/usa/mlb-2012/tampa-bay-rays-minnesota-twins-lU8sXSxJ/#over-under;3
245,https://www.oddsportal.com/baseball/usa/mlb-2012/toronto-blue-jays-baltimore-orioles-jZnQeCFJ/#over-under;3
246,https://www.oddsportal.com/baseball/usa/mlb-2012/oakland-athletics-kansas-city-royals-vL8Ufawm/#over-under;3
247,https://www.oddsportal.com/baseball/usa/mlb-2012/san-diego-padres-arizona-diamondbacks-IB7YgJhg/#over-under;3
248,https://www.oddsportal.com/baseball/usa/mlb-2012/san-francisco-giants-seattle-mariners-CY6xgw8a/#over-under;3
249,https://www.oddsportal.com/baseball/usa/mlb-2012/los-angeles-dodgers-chicago-cubs-KtaAk417/#over-under;3
250,https://www.oddsportal.com/baseball/usa/mlb-2012/new-york-mets-miami-marlins-xI95jpn1/#over-under;3
251,https://www.oddsportal.com/baseball/usa/mlb-2012/baltimore-orioles-boston-red-sox-C07vxoX7/#over-under;3
252,https://www.oddsportal.com/baseball/usa/mlb-2012/st-louis-cardinals-washington-nationals-j17ggn2r/#over-under;3
253,https://www.oddsportal.com/baseball/usa/mlb-2012/tampa-bay-rays-pittsburgh-pirates-Ui6ch6Hl/#over-under;3
254,https://www.oddsportal.com/baseball/usa/mlb-2012/boston-red-sox-tampa-bay-rays-rLFNuTXr/#over-under;3
255,https://www.oddsportal.com/baseball/usa/mlb-2012/cleveland-indians-san-diego-padres-bcXacBBb/#over-under;3
256,https://www.oddsportal.com/baseball/usa/mlb-2012/kansas-city-royals-colorado-rockies-OUNotAtO/#over-under;3
257,https://www.oddsportal.com/baseball/usa/mlb-2012/oakland-athletics-cincinnati-reds-Eg3e0DRu/#over-under;3
258,https://www.oddsportal.com/baseball/usa/mlb-2012/atlanta-braves-new-york-yankees-S287SjCO/#over-under;3
259,https://www.oddsportal.com/baseball/usa/mlb-2012/miami-marlins-st-louis-cardinals-6TwInfct/#over-under;3
260,https://www.oddsportal.com/baseball/usa/mlb-2012/philadelphia-phillies-baltimore-orioles-0jwMoECn/#over-under;3
261,https://www.oddsportal.com/baseball/usa/mlb-2012/pittsburgh-pirates-minnesota-twins-CQtQpYRh/#over-under;3
262,https://www.oddsportal.com/baseball/usa/mlb-2012/toronto-blue-jays-houston-astros-fkWUqhsa/#over-under;3
263,https://www.oddsportal.com/baseball/usa/mlb-2012/boston-red-sox-pittsburgh-pirates-fkAaUCsC/#over-under;3
264,https://www.oddsportal.com/baseball/usa/mlb-2012/miami-marlins-washington-nationals-lC93TWdI/#over-under;3
265,https://www.oddsportal.com/baseball/usa/mlb-2012/colorado-rockies-oakland-athletics-pbLDHaOI/#over-under;3
266,https://www.oddsportal.com/baseball/usa/mlb-2012/chicago-white-sox-chicago-cubs-OABkN3fs/#over-under;3
267,https://www.oddsportal.com/baseball/usa/mlb-2012/los-angeles-angels-san-diego-padres-ITYMRqnQ/#over-under;3
268,https://www.oddsportal.com/baseball/usa/mlb-2012/milwaukee-brewers-cleveland-indians-WzFcLsPg/#over-under;3
269,https://www.oddsportal.com/baseball/usa/mlb-2012/seattle-mariners-arizona-diamondbacks-ARD1K1v0/#over-under;3
270,https://www.oddsportal.com/baseball/usa/mlb-2012/texas-rangers-los-angeles-dodgers-jyM9Iu9C/#over-under;3
271,https://www.oddsportal.com/baseball/usa/mlb-2012/detroit-tigers-philadelphia-phillies-hURV6rA0/#over-under;3
272,https://www.oddsportal.com/baseball/usa/mlb-2012/houston-astros-toronto-blue-jays-WKQZ52P6/#over-under;3
273,https://www.oddsportal.com/baseball/usa/mlb-2012/minnesota-twins-st-louis-cardinals-CWsX4MvD/#over-under;3
274,https://www.oddsportal.com/baseball/usa/mlb-2012/tampa-bay-rays-baltimore-orioles-4QUISPWJ/#over-under;3
275,https://www.oddsportal.com/baseball/usa/mlb-2012/colorado-rockies-kansas-city-royals-p4ON84ul/#over-under;3
276,https://www.oddsportal.com/baseball/usa/mlb-2012/chicago-cubs-seattle-mariners-vR1dhqe7/#over-under;3
277,https://www.oddsportal.com/baseball/usa/mlb-2012/cleveland-indians-los-angeles-angels-j150i3AD/#over-under;3
278,https://www.oddsportal.com/baseball/usa/mlb-2012/los-angeles-dodgers-oakland-athletics-h6qqGnmE/#over-under;3
279,https://www.oddsportal.com/baseball/usa/mlb-2012/milwaukee-brewers-cincinnati-reds-WdrmF62K/#over-under;3
280,https://www.oddsportal.com/baseball/usa/mlb-2012/san-diego-padres-san-francisco-giants-0WniEQHQ/#over-under;3
281,https://www.oddsportal.com/baseball/usa/mlb-2012/texas-rangers-chicago-white-sox-2uZI9pQs/#over-under;3
282,https://www.oddsportal.com/baseball/usa/mlb-2012/new-york-mets-miami-marlins-p42hgPu1/#over-under;3
283,https://www.oddsportal.com/baseball/usa/mlb-2012/baltimore-orioles-atlanta-braves-rXgaGesc/#over-under;3
284,https://www.oddsportal.com/baseball/usa/mlb-2012/philadelphia-phillies-pittsburgh-pirates-4nr8EZB9/#over-under;3
285,https://www.oddsportal.com/baseball/usa/mlb-2012/st-louis-cardinals-boston-red-sox-IknCDgRF/#over-under;3
286,https://www.oddsportal.com/baseball/usa/mlb-2012/toronto-blue-jays-new-york-yankees-lx9qeoBl/#over-under;3
287,https://www.oddsportal.com/baseball/usa/mlb-2012/washington-nationals-houston-astros-6D3lf5Qf/#over-under;3
288,https://www.oddsportal.com/baseball/usa/mlb-2012/arizona-diamondbacks-cleveland-indians-ngIfWyu3/#over-under;3
289,https://www.oddsportal.com/baseball/usa/mlb-2012/chicago-white-sox-milwaukee-brewers-f5tUFGfM/#over-under;3
290,https://www.oddsportal.com/baseball/usa/mlb-2012/kansas-city-royals-chicago-cubs-bXy0AfIq/#over-under;3
291,https://www.oddsportal.com/baseball/usa/mlb-2012/los-angeles-angels-seattle-mariners-GEsQGduG/#over-under;3
292,https://www.oddsportal.com/baseball/usa/mlb-2012/oakland-athletics-los-angeles-dodgers-hfy49EXk/#over-under;3
293,https://www.oddsportal.com/baseball/usa/mlb-2012/san-francisco-giants-colorado-rockies-82JjXHPd/#over-under;3
294,https://www.oddsportal.com/baseball/usa/mlb-2012/baltimore-orioles-minnesota-twins-x8fb2cQM/#over-under;3
295,https://www.oddsportal.com/baseball/usa/mlb-2012/detroit-tigers-atlanta-braves-Gbg21HuT/#over-under;3
296,https://www.oddsportal.com/baseball/usa/mlb-2012/new-york-yankees-tampa-bay-rays-bJdRee3j/#over-under;3
297,https://www.oddsportal.com/baseball/usa/mlb-2012/philadelphia-phillies-houston-astros-CMp9Kvti/#over-under;3
298,https://www.oddsportal.com/baseball/usa/mlb-2012/washington-nationals-st-louis-cardinals-nuwMHxQ9/#over-under;3
299,https://www.oddsportal.com/baseball/usa/mlb-2012/arizona-diamondbacks-texas-rangers-jZvtAwF9/#over-under;3
300,https://www.oddsportal.com/baseball/usa/mlb-2012/chicago-cubs-colorado-rockies-8CtD648H/#over-under;3
301,https://www.oddsportal.com/baseball/usa/mlb-2012/los-angeles-angels-chicago-white-sox-Eks97pgB/#over-under;3
302,https://www.oddsportal.com/baseball/usa/mlb-2012/los-angeles-dodgers-san-francisco-giants-t4ckmG7d/#over-under;3
303,https://www.oddsportal.com/baseball/usa/mlb-2012/milwaukee-brewers-oakland-athletics-UJjXBapc/#over-under;3
304,https://www.oddsportal.com/baseball/usa/mlb-2012/seattle-mariners-cincinnati-reds-8AkyBJa3/#over-under;3
305,https://www.oddsportal.com/baseball/usa/mlb-2012/boston-red-sox-baltimore-orioles-zar58Qw5/#over-under;3
306,https://www.oddsportal.com/baseball/usa/mlb-2012/atlanta-braves-washington-nationals-lYvrgovI/#over-under;3
307,https://www.oddsportal.com/baseball/usa/mlb-2012/pittsburgh-pirates-new-york-yankees-ML9dC8vt/#over-under;3
308,https://www.oddsportal.com/baseball/usa/mlb-2012/tampa-bay-rays-minnesota-twins-zPD0BSgn/#over-under;3
309,https://www.oddsportal.com/baseball/usa/mlb-2012/toronto-blue-jays-philadelphia-phillies-UoD4An9h/#over-under;3
310,https://www.oddsportal.com/baseball/usa/mlb-2012/san-francisco-giants-milwaukee-brewers-AstvfROB/#over-under;3
311,https://www.oddsportal.com/baseball/usa/mlb-2012/minnesota-twins-boston-red-sox-SIjZf795/#over-under;3
312,https://www.oddsportal.com/baseball/usa/mlb-2012/new-york-mets-washington-nationals-AZHGkps2/#over-under;3
313,https://www.oddsportal.com/baseball/usa/mlb-2012/colorado-rockies-arizona-diamondbacks-WrJCjQRe/#over-under;3
314,https://www.oddsportal.com/baseball/usa/mlb-2012/chicago-white-sox-los-angeles-dodgers-CvzUblKF/#over-under;3
315,https://www.oddsportal.com/baseball/usa/mlb-2012/cincinnati-reds-cleveland-indians-61ZXc8ZL/#over-under;3
316,https://www.oddsportal.com/baseball/usa/mlb-2012/kansas-city-royals-texas-rangers-IywxcSlS/#over-under;3
317,https://www.oddsportal.com/baseball/usa/mlb-2012/san-diego-padres-seattle-mariners-29E8i6Ck/#over-under;3
318,https://www.oddsportal.com/baseball/usa/mlb-2012/detroit-tigers-toronto-blue-jays-Sj0QvTSq/#over-under;3
319,https://www.oddsportal.com/baseball/usa/mlb-2012/houston-astros-atlanta-braves-AFkVwmrj/#over-under;3
320,https://www.oddsportal.com/baseball/usa/mlb-2012/philadelphia-phillies-new-york-yankees-OIgZx7cd/#over-under;3
321,https://www.oddsportal.com/baseball/usa/mlb-2012/st-louis-cardinals-miami-marlins-CvdaETJ2/#over-under;3
322,https://www.oddsportal.com/baseball/usa/mlb-2012/chicago-cubs-oakland-athletics-8xx48zat/#over-under;3
323,https://www.oddsportal.com/baseball/usa/mlb-2012/cleveland-indians-cincinnati-reds-G2y87fEn/#over-under;3
324,https://www.oddsportal.com/baseball/usa/mlb-2012/seattle-mariners-san-diego-padres-xIPG5Yra/#over-under;3
325,https://www.oddsportal.com/baseball/usa/mlb-2012/texas-rangers-kansas-city-royals-6TkxDGjP/#over-under;3
326,https://www.oddsportal.com/baseball/usa/mlb-2012/detroit-tigers-atlanta-braves-MuGYheag/#over-under;3
327,https://www.oddsportal.com/baseball/usa/mlb-2012/new-york-yankees-philadelphia-phillies-0WExhFEa/#over-under;3
328,https://www.oddsportal.com/baseball/usa/mlb-2012/pittsburgh-pirates-toronto-blue-jays-I79siZT5/#over-under;3
329,https://www.oddsportal.com/baseball/usa/mlb-2012/tampa-bay-rays-minnesota-twins-db8ojgqC/#over-under;3
330,https://www.oddsportal.com/baseball/usa/mlb-2012/washington-nationals-houston-astros-jL7kkDbI/#over-under;3
331,https://www.oddsportal.com/baseball/usa/mlb-2012/cincinnati-reds-cleveland-indians-f5GES9gA/#over-under;3
332,https://www.oddsportal.com/baseball/usa/mlb-2012/seattle-mariners-oakland-athletics-OvLIRT8G/#over-under;3
333,https://www.oddsportal.com/baseball/usa/mlb-2012/atlanta-braves-detroit-tigers-ShyG78Hp/#over-under;3
334,https://www.oddsportal.com/baseball/usa/mlb-2012/houston-astros-washington-nationals-6qzK6SWj/#over-under;3
335,https://www.oddsportal.com/baseball/usa/mlb-2012/minnesota-twins-tampa-bay-rays-KnO1VB9i/#over-under;3
336,https://www.oddsportal.com/baseball/usa/mlb-2012/philadelphia-phillies-new-york-yankees-YkS5UVOc/#over-under;3
337,https://www.oddsportal.com/baseball/usa/mlb-2012/toronto-blue-jays-pittsburgh-pirates-GEHATkv4/#over-under;3
338,https://www.oddsportal.com/baseball/usa/mlb-2012/oakland-athletics-seattle-mariners-OMuGhHpq/#over-under;3
